,video_id,title,views,likes,comments,publishedAt,playlist_name
0,4fndeDfaWCg,Backstreet Boys - I Want It That Way (Official HD Video),1337433460,7238334,279082,2009-10-25T07:07:57Z,Late 90s Early 2000s Pop Hits Playlist
1,ZyhrYis509A,Aqua - Barbie Girl (Official Music Video),1400435361,8435298,416410,2010-08-20T16:35:21Z,Late 90s Early 2000s Pop Hits Playlist
2,nZXRV4MezEw,Cher - Believe (Official Music Video) [4K Remaster],347978566,2018017,52777,2018-10-19T17:00:08Z,Late 90s Early 2000s Pop Hits Playlist
3,YPwtJ89jes4,Kylie Minogue - Can't Get You Out Of My Head (HD),21399899,220310,8063,2015-01-23T10:17:50Z,Late 90s Early 2000s Pop Hits Playlist
4,NdYWuo9OFAw,Goo Goo Dolls – Iris [Official Music Video] [4K Remaster],492516864,2950940,69717,2010-02-26T18:28:09Z,Late 90s Early 2000s Pop Hits Playlist
5,Lzib4Q6x2XA,Definition Of | 559 | 432Hz,337120,503,30,2023-08-17T21:04:09Z,Late 90s Early 2000s Pop Hits Playlist
6,mzJj5-lubeM,Red Hot Chili Peppers - Scar Tissue [Official Music Video],494090043,2108408,38410,2011-07-15T22:26:46Z,Late 90s Early 2000s Pop Hits Playlist
7,C-u5WLJ9Yk4,Britney Spears - ...Baby One More Time (Official Video),894726946,5112138,186292,2009-10-25T07:08:26Z,Late 90s Early 2000s Pop Hits Playlist
8,0Gl2QnHNpkA,Backstreet Boys - As Long As You Love Me (Official HD Video),516377430,2288128,66748,2011-05-25T15:47:30Z,Late 90s Early 2000s Pop Hits Playlist
9,5NPBIwQyPWE,Avril Lavigne - Complicated (Official Video),651096862,4397215,150902,2010-02-25T00:29:17Z,Late 90s Early 2000s Pop Hits Playlist
10,9bFHsd3o1w0,Céline Dion - My Heart Will Go On (Official 25th Anniversary Alternate Music Video),13807775,198105,7362,2023-03-23T07:00:03Z,Late 90s Early 2000s Pop Hits Playlist
11,z-iS0bCdIj8,Lovers In Action | Sonic Resistance | 432Hz,14938,106,26,2023-12-15T04:19:52Z,Late 90s Early 2000s Pop Hits Playlist
12,7wfYIMyS_dI,Enya - Only Time (Official 4K Music Video),257408249,2255272,99766,2009-10-26T06:06:39Z,Late 90s Early 2000s Pop Hits Playlist
13,6M6samPEMpM,Backstreet Boys - Everybody (Backstreet's Back) (Official HD Video),497102051,3087762,83680,2011-05-25T18:41:49Z,Late 90s Early 2000s Pop Hits Playlist
14,weRHyjj34ZE,"Shakira - Whenever, Wherever (Official HD Video)",752190927,3401194,119325,2009-10-03T20:24:15Z,Late 90s Early 2000s Pop Hits Playlist
15,nPLV7lGbmT4,Santana - Maria Maria (Official Video) ft. The Product G&B,546424519,2664289,54857,2010-02-25T01:10:33Z,Late 90s Early 2000s Pop Hits Playlist
16,OT5msu-dap8,Backstreet Boys - Shape Of My Heart (Official HD Video),338648824,1051245,43907,2011-05-25T11:34:30Z,Late 90s Early 2000s Pop Hits Playlist
17,TZUnjISv_J4,DCG Shun x DCG Bsavv - On The Ground (feat. 2Rare) [Official Music Video],477707,6107,204,2023-10-20T19:00:08Z,Late 90s Early 2000s Pop Hits Playlist
18,1TO48Cnl66w,Dido - Thank You (Official Video),349825667,2811302,67161,2009-10-03T20:40:19Z,Late 90s Early 2000s Pop Hits Playlist
19,24u3NoPvgMw,Conan Gray - Heather,159072573,3312782,86217,2020-08-20T16:00:00Z,Late 90s Early 2000s Pop Hits Playlist
20,RQa7SvVCdZk,"Christina Aguilera, Lil' Kim, Mya, P!nk - Lady Marmalade",535440748,2639175,78038,2009-12-25T01:16:46Z,Late 90s Early 2000s Pop Hits Playlist
21,luwAMFcc2f8,Robbie Williams - Angels,237239770,1151121,26963,2011-01-07T16:24:40Z,Late 90s Early 2000s Pop Hits Playlist
22,sQgd6MccwZc,Destiny's Child - Say My Name (Official Video),373992597,1841311,45165,2009-10-25T08:36:38Z,Late 90s Early 2000s Pop Hits Playlist
23,hI3SOjHvI7Q,Paul Damixie x SERE  - You Got Me Like | Official Music Video,2625388,2504,28,2023-11-30T15:00:39Z,Late 90s Early 2000s Pop Hits Playlist
24,XS088Opj9o0,Madonna - Frozen (Official Video) [HD],208879495,1423645,66085,2009-10-27T02:10:38Z,Late 90s Early 2000s Pop Hits Playlist
25,KRzMtlZjXpU,The Black Eyed Peas - Shut Up,337183168,1349475,28283,2009-06-16T23:07:44Z,Late 90s Early 2000s Pop Hits Playlist
26,koJlIGDImiU,Enrique Iglesias - Hero,517898768,2148072,91559,2009-12-25T06:09:50Z,Late 90s Early 2000s Pop Hits Playlist
27,t0bPrt69rag,Britney Spears - Sometimes (Official HD Video),310473328,1104823,65730,2009-10-25T07:10:45Z,Late 90s Early 2000s Pop Hits Playlist
28,6thmPrTxBtI,*NSYNC - This I Promise You (Official Video),289197941,984772,47038,2009-10-25T20:09:40Z,Late 90s Early 2000s Pop Hits Playlist
29,9c6_PrUcDAM,Paul Damixie - I'm Done | Official Visualizer,2900788,3861,30,2023-10-06T13:16:08Z,Late 90s Early 2000s Pop Hits Playlist
30,CduA0TULnow,Britney Spears - Oops!...I Did It Again (Official HD Video),435264341,2765044,106972,2009-10-25T19:57:17Z,Late 90s Early 2000s Pop Hits Playlist
31,hhHcBKS0YBc,Dido - White Flag (Official 4K Video),1372307,22451,1024,2023-09-01T07:00:30Z,Late 90s Early 2000s Pop Hits Playlist
32,T6wbugWrfLU,Céline Dion - That's The Way It Is (Official Video),298767316,994004,33898,2009-10-25T06:44:13Z,Late 90s Early 2000s Pop Hits Playlist
33,wmDxJrggie8,Luther Vandross - Dance With My Father,147478757,809777,39538,2012-11-27T18:00:56Z,Late 90s Early 2000s Pop Hits Playlist
34,Cwkej79U3ek,Vanessa Carlton - A Thousand Miles,378525375,3735392,194953,2009-06-16T23:02:27Z,Late 90s Early 2000s Pop Hits Playlist
35,HUJ65XHS-Lw,Paul Damixie - Drip (Official Music Video),6390143,11528,102,2023-06-23T14:06:18Z,Late 90s Early 2000s Pop Hits Playlist
36,VV1XWJN3nJo,Natalie Imbruglia - Torn (Official Video),284823110,1458300,49333,2009-10-03T04:36:16Z,Late 90s Early 2000s Pop Hits Playlist
37,xeMOO5EudYs,Michael Bublé - Sway (Official Lyric Video),5856102,85430,963,2022-08-03T15:00:42Z,Late 90s Early 2000s Pop Hits Playlist
38,mIhI23gBBPQ,Mariah Carey - My All (Official HD Video),234342174,1189005,36552,2009-11-24T06:23:23Z,Late 90s Early 2000s Pop Hits Playlist
39,a-Lp2uC_1lg,Shania Twain - From This Moment On,318070233,1291957,44999,2009-10-07T22:10:08Z,Late 90s Early 2000s Pop Hits Playlist
40,ulOb9gIGGd0,Westlife - My Love (Official Video),345931547,1832925,85710,2009-10-03T19:49:10Z,Late 90s Early 2000s Pop Hits Playlist
41,v895UsLmfnI,Paul Damixie - Secrets | Official Music Video,11214903,15984,126,2023-04-25T14:00:43Z,Late 90s Early 2000s Pop Hits Playlist
42,zsfj9j0kjoU,Whitney Houston with Enrique Iglesias - Could I Have This Kiss Forever (Official HD Video),168391047,670119,18843,2014-03-16T22:48:40Z,Late 90s Early 2000s Pop Hits Playlist
43,kIDWgqDBNXA,Christina Aguilera - Genie In A Bottle (Official Video),240472717,1257371,51788,2009-10-03T04:37:42Z,Late 90s Early 2000s Pop Hits Playlist
44,GZXHBgjQjNM,Backstreet Boys - Drowning (Official HD Video),214485303,751493,34938,2011-04-06T07:23:38Z,Late 90s Early 2000s Pop Hits Playlist
45,7NrQei36fJk,Westlife - If I Let You Go (Official Video),229576276,686840,28736,2009-10-03T19:58:56Z,Late 90s Early 2000s Pop Hits Playlist
46,jjnmICxvoVY,Savage Garden - I Knew I Loved You (Official Video),232039843,1093903,42001,2009-10-25T08:41:39Z,Late 90s Early 2000s Pop Hits Playlist
47,OpiuFITNzEs,Smiley - Walking To The Moon | Official Visualizer,438420,1176,60,2023-12-14T14:00:24Z,Late 90s Early 2000s Pop Hits Playlist
48,rnztMhtUF6o,Josh Groban - You Raise Me Up [Official Music Video],15229750,95167,4294,2010-02-14T17:20:10Z,Late 90s Early 2000s Pop Hits Playlist
49,MY4YJxn-9Og,Marc Anthony - You Sang To Me (Video),196874271,641454,24090,2009-10-03T21:00:26Z,Late 90s Early 2000s Pop Hits Playlist
50,ZnOAK04tJhc,Westlife - I Lay My Love on You (Official Video),152757333,565387,23215,2009-10-03T19:47:54Z,Late 90s Early 2000s Pop Hits Playlist
51,aBt8fN7mJNg,Backstreet Boys - Show Me The Meaning Of Being Lonely,286736152,1538392,58167,2011-05-25T16:12:54Z,Late 90s Early 2000s Pop Hits Playlist
52,GQMlWwIXg3M,*NSYNC - It's Gonna Be Me (Official Video),195984603,879372,47819,2009-10-25T07:06:38Z,Late 90s Early 2000s Pop Hits Playlist
53,7Aedpp3dzYA,Smiley - Tomorrow | Official Visualizer,847990,2461,161,2023-11-16T15:00:09Z,Late 90s Early 2000s Pop Hits Playlist
54,DL7-CKirWZE,New Radicals - You Get What You Give (Official Music Video),165348084,1073010,52699,2009-10-08T11:28:47Z,Late 90s Early 2000s Pop Hits Playlist
55,dGR65RWwzg8,Avril Lavigne - I'm With You (Official Video),263254253,1711701,67723,2010-03-10T09:52:47Z,Late 90s Early 2000s Pop Hits Playlist
56,h9rCobRl-ng,Whitney Houston - Run To You (Official HD Video),225595650,840313,37550,2009-11-14T14:26:39Z,Late 90s Early 2000s Pop Hits Playlist
57,Q4VK9_CfOLQ,Britney Spears - (You Drive Me) Crazy (Official HD Video),199465794,710574,35166,2009-10-25T07:09:01Z,Late 90s Early 2000s Pop Hits Playlist
58,jql7ghuw7eQ,Vengaboys - Kiss (When The Sun Don't Shine),80452622,390598,9975,2009-11-13T17:36:27Z,Late 90s Early 2000s Pop Hits Playlist
59,4iSkpiLg9Bc,Smiley  - Days of Summer | Official Visualizer,2509432,5454,287,2023-09-14T08:00:11Z,Late 90s Early 2000s Pop Hits Playlist
60,IobNcpiwpSc,Ronan Keating - When You Say Nothing At All,109645183,561943,16858,2018-08-17T09:36:13Z,Late 90s Early 2000s Pop Hits Playlist
61,RkWQDDv_qdg,Blue - All Rise,130760747,673872,31274,2009-02-28T10:42:55Z,Late 90s Early 2000s Pop Hits Playlist
62,IlV7RhT6zHs,"Britney Spears - I'm Not A Girl, Not Yet A Woman (Official HD Video)",174020107,774249,34549,2009-10-25T07:12:29Z,Late 90s Early 2000s Pop Hits Playlist
63,Obi4iELWJ3Y,Vengaboys - Shalala lala,184273882,1016883,20749,2009-11-16T11:53:16Z,Late 90s Early 2000s Pop Hits Playlist
64,4vvBAONkYwI,Britney Spears - Lucky (Official HD Video),182152774,759367,47692,2009-10-25T07:11:09Z,Late 90s Early 2000s Pop Hits Playlist
65,GeSTnrF5dPw,Days of Summer (Toesup Remix),563963,720,6,2023-11-09T20:10:20Z,Late 90s Early 2000s Pop Hits Playlist
66,vzerbXFwGCE,The Corrs - Breathless [Official Video],98032698,409043,15757,2009-10-06T02:33:22Z,Late 90s Early 2000s Pop Hits Playlist
67,_ZcmuKsyvzg,*NSYNC - Tearin' Up My Heart (Official Video),114508250,476167,21175,2009-10-25T06:41:37Z,Late 90s Early 2000s Pop Hits Playlist
68,PZYSiWHW8V0,Britney Spears - Overprotected,153232522,530039,25434,2009-10-25T07:07:54Z,Late 90s Early 2000s Pop Hits Playlist
69,roPQ_M3yJTA,Nelly Furtado - I'm Like A Bird (Official Music Video),144066125,798414,29360,2009-06-17T01:33:32Z,Late 90s Early 2000s Pop Hits Playlist
70,9mQJaXwGPlg,Enrique Iglesias - Escape,150434535,487958,19030,2009-12-25T07:36:36Z,Late 90s Early 2000s Pop Hits Playlist
71,XcGfcx4YOVw,Edine - 24/7 | Official Visualizer,334674,855,33,2023-11-24T16:00:15Z,Late 90s Early 2000s Pop Hits Playlist
72,Q91hydQRGyM,Jennifer Lopez - Let's Get Loud (Official Video),149183383,498374,13527,2009-10-03T04:47:19Z,Late 90s Early 2000s Pop Hits Playlist
73,8Jo7jG--IwU,Blue - Breathe Easy,70118079,327949,12424,2009-02-28T11:00:13Z,Late 90s Early 2000s Pop Hits Playlist
74,NHydngA5C4E,Madonna - The Power Of Good-Bye (Official Video),79779130,385975,20951,2009-10-27T02:10:19Z,Late 90s Early 2000s Pop Hits Playlist
75,lYfkl-HXfuU,Jennifer Lopez - If You Had My Love (Official Video),181209181,641956,25730,2009-10-03T04:46:20Z,Late 90s Early 2000s Pop Hits Playlist
76,S4kzGhDEURA,Ronan Keating - If Tomorrow Never Comes,102423328,466362,17250,2009-12-01T07:28:23Z,Late 90s Early 2000s Pop Hits Playlist
77,GWc_7mhr4fM,"Alex Parker, SBSTN - Eyes Wide Shut (Official Lyric Video)",322466,635,4,2023-11-24T16:00:22Z,Late 90s Early 2000s Pop Hits Playlist
78,NHozn0YXAeE,Hanson - MMMBop (Official Music Video),144819285,668774,53974,2009-10-07T07:01:45Z,Late 90s Early 2000s Pop Hits Playlist
79,AJWtLf4-WWs,Britney Spears - Stronger (Official HD Video),156468859,533307,28474,2009-10-25T20:37:08Z,Late 90s Early 2000s Pop Hits Playlist
80,TnOy6HEf7HU,Anastacia - I'm Outta Love (PCM Stereo),93511172,435200,8623,2009-11-24T06:27:28Z,Late 90s Early 2000s Pop Hits Playlist
81,LNBjMRvOB5M,Pet Shop Boys - Go West (Official Video) [HD REMASTERED],65451244,366800,24143,2009-04-22T14:14:58Z,Late 90s Early 2000s Pop Hits Playlist
82,mqFLXayD6e8,Shania Twain - That Don't Impress Me Much (Official Music Video),116074531,523226,24259,2009-10-07T04:10:46Z,Late 90s Early 2000s Pop Hits Playlist
83,TH_cEwXyF28,Erik Frank - Physical (Official Lyric Video),225466,593,7,2023-08-04T13:00:31Z,Late 90s Early 2000s Pop Hits Playlist
84,7eul_Vt6SZY,Boyzone - No Matter What (Official Music Video),81770636,308454,15773,2009-10-08T09:02:08Z,Late 90s Early 2000s Pop Hits Playlist
85,g4tpuu-Up90,Michael Jackson - You Rock My World (Official Video - Shortened Version),96478418,673448,19751,2009-10-03T06:08:14Z,Late 90s Early 2000s Pop Hits Playlist
86,JDKGWaCglRM,P!nk - Just Like A Pill (Official Video),166604189,706536,19307,2009-10-25T07:04:34Z,Late 90s Early 2000s Pop Hits Playlist
87,iFa6I9KN63Q,Gareth Gates - Anyone Of Us (Stupid Mistake),78003545,343685,15767,2009-10-25T18:58:13Z,Late 90s Early 2000s Pop Hits Playlist
88,xEmdW3_bi4c,"Whitney Houston - Heartbreak Hotel (Official HD Video) ft. Faith Evans, Kelly Price",49124140,334883,10685,2010-10-20T00:31:54Z,Late 90s Early 2000s Pop Hits Playlist
89,1THKWFeQ4ro,Jealous Friend - Sometimes (Official Lyric Video),587333,1436,12,2023-08-11T13:00:01Z,Late 90s Early 2000s Pop Hits Playlist
90,GSLSwwkLRW0,Jennifer Lopez - Ain't It Funny (Official Video),163490652,524239,17049,2009-10-03T05:59:14Z,Late 90s Early 2000s Pop Hits Playlist
91,GRz4FY0ZcwI,Five for Fighting - Superman (It's Not Easy),102438831,395192,14293,2009-10-03T04:41:24Z,Late 90s Early 2000s Pop Hits Playlist
92,-1jPUB7gRyg,Aqua - Doctor Jones,54015433,223098,8630,2011-02-24T13:31:10Z,Late 90s Early 2000s Pop Hits Playlist
93,xWKdMmH0B-E,Destiny's Child - Emotion (Official HD Video),86000995,418670,11520,2009-10-25T08:48:14Z,Late 90s Early 2000s Pop Hits Playlist
94,MEb2CecR11I,Backstreet Boys - Larger Than Life,116669105,497255,21403,2012-11-21T00:52:06Z,Late 90s Early 2000s Pop Hits Playlist
95,S65AbYxU3KM,Erik Frank - Lowkey Loving You (Official Lyric Video),255986,640,12,2023-07-07T13:00:22Z,Late 90s Early 2000s Pop Hits Playlist
96,GjFO5zw7hq4,Blue - If You Come Back,50260679,173953,10412,2009-02-28T11:15:06Z,Late 90s Early 2000s Pop Hits Playlist
97,PSu5nAQ7uZw,Dido - Here with Me (Official Video),108034492,435550,16257,2009-10-03T04:39:07Z,Late 90s Early 2000s Pop Hits Playlist
98,_66jPJVS4JE,Jennifer Lopez - Waiting For Tonight,97891210,417917,19062,2009-11-24T06:46:54Z,Late 90s Early 2000s Pop Hits Playlist
99,ek2PDE1cAyY,Jesse McCartney - Beautiful Soul (Official Video),67203039,563015,18950,2014-08-19T22:33:48Z,Late 90s Early 2000s Pop Hits Playlist
100,yCmsZUN4r_s,"Faith Hill - ""Breathe"" (Official Video)",34346784,214981,7953,2009-10-27T01:40:57Z,Top 100 Songs of 2000 - Billboard Year End Charts
101,6Whgn_iE5uc,Santana - Smooth (Stereo) ft. Rob Thomas,355929087,1733078,36448,2013-10-04T20:47:59Z,Top 100 Songs of 2000 - Billboard Year End Charts
102,nPLV7lGbmT4,Santana - Maria Maria (Official Video) ft. The Product G&B,546424519,2664289,54857,2010-02-25T01:10:33Z,Top 100 Songs of 2000 - Billboard Year End Charts
103,dJ8VjyPw0qY,Joe - I Wanna Know (Official Video),214151137,1225896,26243,2009-10-25T20:07:56Z,Top 100 Songs of 2000 - Billboard Year End Charts
104,VwSaldFJofM,Vertical Horizon-Everything You Want,3206216,18677,1329,2008-07-10T14:49:17Z,Top 100 Songs of 2000 - Billboard Year End Charts
105,sQgd6MccwZc,Destiny's Child - Say My Name (Official Video),373992597,1841311,45165,2009-10-25T08:36:38Z,Top 100 Songs of 2000 - Billboard Year End Charts
106,jjnmICxvoVY,Savage Garden - I Knew I Loved You (Official Video),232039843,1093903,42001,2009-10-25T08:41:39Z,Top 100 Songs of 2000 - Billboard Year End Charts
107,x-skFgrV59A,Lonestar - Amazed (Official Music Video),77347946,467604,12864,2011-03-05T09:09:00Z,Top 100 Songs of 2000 - Billboard Year End Charts
108,KcSNwUD6rpA,Matchbox Twenty - Bent (Official Video),2512395,8860,434,2009-10-27T02:50:49Z,Top 100 Songs of 2000 - Billboard Year End Charts
109,9_hKXk2qSuw,Toni Braxton - He Wasn't Man Enough (Video Version),126307508,588769,22606,2009-10-25T08:39:14Z,Top 100 Songs of 2000 - Billboard Year End Charts
110,J16lInLZRms,Creed - Higher (Official Video),76381891,371527,15514,2009-12-02T09:58:40Z,Top 100 Songs of 2000 - Billboard Year End Charts
111,Vjw92oUduEM,Destiny's Child - Jumpin’ Jumpin’ (Official Music Video),52853386,240375,6515,2009-10-25T08:39:05Z,Top 100 Songs of 2000 - Billboard Year End Charts
112,Oai1V7kaFBk,Sisqo - Thong Song (Official Music Video),161018612,889255,44912,2009-06-16T21:56:30Z,Top 100 Songs of 2000 - Billboard Year End Charts
113,xPU8OAjjS4k,3 Doors Down - Kryptonite (Official Video),435861003,1783550,38619,2009-11-21T11:22:55Z,Top 100 Songs of 2000 - Billboard Year End Charts
114,66LnhtnSoKc,P!NK - There You Go (Official Video),32555886,188639,9454,2009-10-25T19:42:37Z,Top 100 Songs of 2000 - Billboard Year End Charts
115,EDwb9jOVRtU,Madonna - Hung Up (Official Video) [HD],455134272,2374711,96529,2009-10-27T01:58:43Z,Top 100 Songs of 2000 - Billboard Year End Charts
116,7iJZosBX2L0,Janet Jackson - Doesn't Really Matter (Official Video),3677119,35875,2082,2012-02-05T22:18:21Z,Top 100 Songs of 2000 - Billboard Year End Charts
117,hpspGHeLOPE,Christina Aguilera - What A Girl Wants (Official Video),42551346,195673,10812,2009-10-03T04:37:42Z,Top 100 Songs of 2000 - Billboard Year End Charts
118,rXPfovXw2tw,Brian McKnight - Back At One (Short Version) (Official Music Video),180394088,1214636,29124,2009-06-16T23:30:00Z,Top 100 Songs of 2000 - Billboard Year End Charts
119,Eo-KmOd3i7s,*NSYNC - Bye Bye Bye (Official Video),345860585,1558509,73492,2009-10-25T07:07:28Z,Top 100 Songs of 2000 - Billboard Year End Charts
120,MY4YJxn-9Og,Marc Anthony - You Sang To Me (Video),196874271,641454,24090,2009-10-03T21:00:26Z,Top 100 Songs of 2000 - Billboard Year End Charts
121,fLVzw9wVd9o,Marc Anthony - I Need to Know (Video),56209073,197025,6317,2009-10-03T04:42:46Z,Top 100 Songs of 2000 - Billboard Year End Charts
122,k_C_nhzdNFI,Montell Jordan - Get It On Tonite,30038442,196663,5264,2010-09-14T20:03:14Z,Top 100 Songs of 2000 - Billboard Year End Charts
123,Z6qqS9mbdY4,Sisqo - Incomplete,34577620,212566,7822,2007-03-24T16:32:58Z,Top 100 Songs of 2000 - Billboard Year End Charts
124,WEQ0l_m3Xm0,Macy Gray - I Try (Official Video),74405464,531399,16436,2011-03-18T14:35:57Z,Top 100 Songs of 2000 - Billboard Year End Charts
125,GQMlWwIXg3M,*NSYNC - It's Gonna Be Me (Official Video),195984603,879372,47819,2009-10-25T07:06:38Z,Top 100 Songs of 2000 - Billboard Year End Charts
126,T6wbugWrfLU,Céline Dion - That's The Way It Is (Official Video),298767316,994004,33898,2009-10-25T06:44:13Z,Top 100 Songs of 2000 - Billboard Year End Charts
127,Y5qKNlcUwKs,Nelly - Country Grammar (Hot...) (Official Music Video),101186548,507798,15271,2009-10-06T14:03:38Z,Top 100 Songs of 2000 - Billboard Year End Charts
128,h4mjAOgHLvU,Blaque - Bring It All to Me ft. *NSYNC,13847784,172661,5771,2013-09-15T07:36:52Z,Top 100 Songs of 2000 - Billboard Year End Charts
129,aBt8fN7mJNg,Backstreet Boys - Show Me The Meaning Of Being Lonely,286736155,1538392,58167,2011-05-25T16:12:54Z,Top 100 Songs of 2000 - Billboard Year End Charts
130,FRkev5Aooms,Missy Elliott - Hot Boyz [Official Music Video],30317862,222952,8810,2009-10-27T02:56:36Z,Top 100 Songs of 2000 - Billboard Year End Charts
131,l95MMbls0GQ,"BB MAK, BACK HERE",4448048,18111,1964,2007-03-31T20:14:33Z,Top 100 Songs of 2000 - Billboard Year End Charts
132,1AIu7SqX_UI,Sonique - It Feels So Good,11387020,66732,2613,2010-03-31T15:53:34Z,Top 100 Songs of 2000 - Billboard Year End Charts
133,ZIANBamMgas,Nine Days - Absolutely (Story of a Girl),21166015,161911,5837,2009-10-25T08:38:15Z,Top 100 Songs of 2000 - Billboard Year End Charts
134,99j0zLuNhi8,Creed - With Arms Wide Open,177203976,1159476,36071,2009-12-02T09:34:55Z,Top 100 Songs of 2000 - Billboard Year End Charts
135,YT9wVDxnyV0,Enrique Iglesias - Be With You [OFFICIAL VIDEO],2382571,9673,407,2013-08-05T19:11:36Z,Top 100 Songs of 2000 - Billboard Year End Charts
136,0RQDIJ2CvbA,Christina Aguilera - Come On Over (All I Want Is You) (Official Video),53703417,226704,10711,2009-11-18T01:40:10Z,Top 100 Songs of 2000 - Billboard Year End Charts
137,6TLxUAa3lb0,Ruff Endz - No More,13735237,100934,3405,2009-10-25T08:42:02Z,Top 100 Songs of 2000 - Billboard Year End Charts
138,9Ht5RZpzPqw,blink-182 - All The Small Things (Official Music Video),361045359,1728100,62596,2009-06-16T23:16:07Z,Top 100 Songs of 2000 - Billboard Year End Charts
139,o8EamHKpdrM,"Faith Hill - ""The Way You Love Me"" (Official Video)",17274923,95350,3065,2009-11-17T18:20:46Z,Top 100 Songs of 2000 - Billboard Year End Charts
140,z4q05resEvc,Christina Aguilera - I Turn To You (Official Video),76323509,428665,16703,2009-10-03T04:37:31Z,Top 100 Songs of 2000 - Billboard Year End Charts
141,YmmjtzDrdGk,Third Eye Blind - Never Let You Go (HQ) [Official],1015775,4345,253,2012-10-22T04:05:52Z,Top 100 Songs of 2000 - Billboard Year End Charts
142,AA_5sLaTErQ,LeAnn Rimes - I Need You (Official Music Video),17177165,126760,4106,2010-12-17T19:02:15Z,Top 100 Songs of 2000 - Billboard Year End Charts
143,7KVxjQUCyn0,"Mariah Carey, Joe, 98 Degrees - Thank God I Found You (Official HD Video)",32785441,145932,5534,2009-11-24T14:10:56Z,Top 100 Songs of 2000 - Billboard Year End Charts
144,9XwPCVvMcuE,Jagged Edge - Let's Get Married (Official Video),34468081,291678,4618,2013-08-22T04:12:34Z,Top 100 Songs of 2000 - Billboard Year End Charts
145,kxZD0VQvfqU,Whitney Houston - My Love Is Your Love (Official HD Video),97510507,420831,14346,2009-10-25T08:33:45Z,Top 100 Songs of 2000 - Billboard Year End Charts
146,cB9JJIoAdYM,Smash Mouth - Then The Morning Comes (Official Music Video),6843137,40730,2337,2009-12-25T07:47:07Z,Top 100 Songs of 2000 - Billboard Year End Charts
147,68ugkg9RePc,Eiffel 65 - Blue (Da Ba Dee) [Gabry Ponte Ice Pop Mix] (Original Video with subtitles),298779810,2962481,249450,2009-09-02T08:39:01Z,Top 100 Songs of 2000 - Billboard Year End Charts
148,C3lWwBslWqg,Sting - Desert Rose,435735000,2056151,85063,2009-06-16T23:06:15Z,Top 100 Songs of 2000 - Billboard Year End Charts
149,eJO5HU_7_1w,Eminem - The Real Slim Shady (Official Video - Clean Version),903547154,7488985,187381,2010-09-15T16:41:05Z,Top 100 Songs of 2000 - Billboard Year End Charts
150,UWJ_P-TdEJ0,P!NK - Most Girls (Video Version),35535144,133312,6970,2009-10-25T07:03:53Z,Top 100 Songs of 2000 - Billboard Year End Charts
151,aGFZq4od-VQ,Next - Wifey (Video Version),17718503,143543,2712,2011-03-18T01:33:18Z,Top 100 Songs of 2000 - Billboard Year End Charts
152,MUfgAbFY4CA,Everclear - Wonderful (Official Music Video),12209209,74825,4341,2009-02-24T22:36:49Z,Top 100 Songs of 2000 - Billboard Year End Charts
153,CduA0TULnow,Britney Spears - Oops!...I Did It Again (Official HD Video),435264341,2765045,106972,2009-10-25T19:57:17Z,Top 100 Songs of 2000 - Billboard Year End Charts
154,4bJ0F8KhhZ8,Jessica Simpson - I Wanna Love You Forever (Video),29502044,143535,9812,2009-10-03T04:44:24Z,Top 100 Songs of 2000 - Billboard Year End Charts
155,PYb2IdrN-ns,98º - Give Me Just One Night (Una Noche) (Official Music Video),4261606,23961,1831,2009-12-20T10:46:33Z,Top 100 Songs of 2000 - Billboard Year End Charts
156,h8MAHQhKe7Q,Filter - Take A Picture (Official Music Video),25787260,185439,12638,2010-04-07T20:38:23Z,Top 100 Songs of 2000 - Billboard Year End Charts
157,rn_YodiJO6k,Red Hot Chili Peppers - Otherside [Official Music Video],746698536,3437015,62257,2011-07-15T22:26:46Z,Top 100 Songs of 2000 - Billboard Year End Charts
158,Cgoqrgc_0cM,JAY-Z - Big Pimpin' ft. UGK,61679420,428628,20487,2010-11-09T18:37:39Z,Top 100 Songs of 2000 - Billboard Year End Charts
159,YUGUySygZuU,Son By Four - Purest Of Pain (A Puro Dolor) (Video (Bilingual)),12431768,56811,2398,2009-10-25T07:03:18Z,Top 100 Songs of 2000 - Billboard Year End Charts
160,vgqNtGVYQgc,Jagged Edge - He Can't Love U (Official Video),29880509,206559,4024,2013-09-15T07:27:24Z,Top 100 Songs of 2000 - Billboard Year End Charts
161,JmRrSQNgRJ8,Avant ft. Kelly Rowland - Separated (Official Video),10126250,81633,1765,2009-06-16T22:13:57Z,Top 100 Songs of 2000 - Billboard Year End Charts
162,R9jsmXKUEkI,Carl Thomas - I Wish,1267036,17474,702,2011-05-27T19:06:43Z,Top 100 Songs of 2000 - Billboard Year End Charts
163,W2mEjkBmDQo,Donell Jones - U Know What's Up (Video Version),56534398,360663,11355,2013-05-03T07:00:14Z,Top 100 Songs of 2000 - Billboard Year End Charts
164,8buuOmnd4yo,Faded - Soul Decision,1727662,8125,246,2008-11-30T23:33:15Z,Top 100 Songs of 2000 - Billboard Year End Charts
165,0DQup4hd1_o,Kid Rock - Only God Knows Why [Official Music Video],287455012,1292829,44951,2010-11-15T22:18:32Z,Top 100 Songs of 2000 - Billboard Year End Charts
166,Vb2mnDp68S0,Mystikal - Shake It Fast (Official Video),26316088,230529,5679,2009-10-25T19:36:32Z,Top 100 Songs of 2000 - Billboard Year End Charts
167,OqN0jsSeqPo,Erykah Badu - Bag Lady,34703027,261974,5891,2009-06-16T22:20:38Z,Top 100 Songs of 2000 - Billboard Year End Charts
168,sDIFD6for4A,Train - Meet Virginia,3208319,9231,588,2008-04-15T10:51:47Z,Top 100 Songs of 2000 - Billboard Year End Charts
169,thIVtEOtlWM,"DMX - Party Up (Up In Here) (Enhanced Video, Edited)",170013538,1460185,38527,2012-12-18T08:01:00Z,Top 100 Songs of 2000 - Billboard Year End Charts
170,0sq14JocSAs,Mya - Case Of The Ex (Whatcha Gonna Do) (Official Music Video),37502275,259946,8484,2009-12-20T06:34:10Z,Top 100 Songs of 2000 - Billboard Year End Charts
171,E5a93wABHNM,"Dr. Dre - Forgot About Dre ft. Eminem, Hittman",58796501,339380,19234,2009-06-17T00:12:23Z,Top 100 Songs of 2000 - Billboard Year End Charts
172,EFMjdY4A83g,Jo Dee Messina - That's The Way (Official Music Video),740557,5383,136,2014-04-16T17:39:48Z,Top 100 Songs of 2000 - Billboard Year End Charts
173,0UaMsIJ4bR0,Westlife - Swear It Again (Official Video),77947486,211250,9837,2009-10-03T19:58:59Z,Top 100 Songs of 2000 - Billboard Year End Charts
174,QZXc39hT8t4,"Dr. Dre - The Next Episode (Official Music Video) ft. Snoop Dogg, Kurupt, Nate Dogg",705036068,6130010,140727,2009-06-16T23:18:06Z,Top 100 Songs of 2000 - Billboard Year End Charts
175,fHPnGqXXUmI,Britney Spears - From The Bottom Of My Broken Heart (Official HD Video),48754833,216643,14248,2009-10-25T07:07:33Z,Top 100 Songs of 2000 - Billboard Year End Charts
176,W60IPexop30,Savage Garden - Crash and Burn (Official Video),19579227,108456,4791,2015-01-10T01:15:03Z,Top 100 Songs of 2000 - Billboard Year End Charts
177,Sc9LcsNDly0,Chad Brock - Yes! (Video),921840,7262,279,2009-10-27T02:00:42Z,Top 100 Songs of 2000 - Billboard Year End Charts
178,BtEZDaVe7G0,George strait-The Best day,1985621,6944,241,2010-07-17T18:28:20Z,Top 100 Songs of 2000 - Billboard Year End Charts
179,PhfCgSA6DeQ,Donell Jones - Where I Wanna Be (Official Video),80242977,560719,14342,2009-10-25T19:36:51Z,Top 100 Songs of 2000 - Billboard Year End Charts
180,3umaLe37-LE,Toby Keith - How Do You Like Me Now?!,69704296,288776,9642,2009-06-16T23:12:42Z,Top 100 Songs of 2000 - Billboard Year End Charts
181,rRJ0lpu6XaU,Tim McGraw My Best Friend Lyrics,31833456,192260,4400,2009-11-15T03:28:16Z,Top 100 Songs of 2000 - Billboard Year End Charts
182,kbwzPzJ6wCU,Goo Goo Dolls - Broadway [Official Music Video],5182316,21343,1165,2009-10-26T06:04:39Z,Top 100 Songs of 2000 - Billboard Year End Charts
183,pKrVAznccZ0,"Da Brat, Tyrese - What'chu Like",20441773,201870,4594,2012-11-18T07:59:47Z,Top 100 Songs of 2000 - Billboard Year End Charts
184,sYRiwOKJvtg,Kandi - Don't Think I'm Not (Official Video),13468368,116090,4456,2009-10-25T09:01:55Z,Top 100 Songs of 2000 - Billboard Year End Charts
185,RV-Z1YwaOiw,Lee Ann Womack - I Hope You Dance (Official Music Video),87150410,554320,25235,2009-10-09T01:28:13Z,Top 100 Songs of 2000 - Billboard Year End Charts
186,XJ9we6xDvWQ,Alice Deejay - Better Off Alone,8729175,68778,2190,2011-01-14T21:10:17Z,Top 100 Songs of 2000 - Billboard Year End Charts
187,8-4ifzbMqXM,"Debelah Morgan ""Dance With Me""",5076855,28781,1071,2006-02-22T00:17:58Z,Top 100 Songs of 2000 - Billboard Year End Charts
188,ugBlWTW8aPE,What About Now Lonestar with lyrics,1992785,9279,0,2009-12-22T03:29:23Z,Top 100 Songs of 2000 - Billboard Year End Charts
189,YeWp7MNvGxQ,Sammie - I Like It,3853429,57013,2409,2013-05-20T16:37:25Z,Top 100 Songs of 2000 - Billboard Year End Charts
190,s_rYiknI5q8,Kevon Edmonds - 24/7,4353320,44594,1626,2009-10-25T08:39:53Z,Top 100 Songs of 2000 - Billboard Year End Charts
191,zkTeOY2ET_E,LFO Girl on TV,344455,1275,147,2009-09-28T06:01:23Z,Top 100 Songs of 2000 - Billboard Year End Charts
192,RzRgScHpMGg,Lil Bow Wow ft. Xscape - Bounce With Me (Official Video),8546845,82421,4393,2014-01-10T08:00:01Z,Top 100 Songs of 2000 - Billboard Year End Charts
193,MXMeMstVAhE,The Chicks - Cowboy Take Me Away (Live at VH1 Storytellers),7946309,35037,1764,2011-11-29T08:00:00Z,Top 100 Songs of 2000 - Billboard Year End Charts
194,0lPQZni7I18,"Destiny's Child - Independent Women, Pt. 1 (Official HD Video)",78474293,442957,11405,2009-11-24T14:55:34Z,Top 100 Songs of 2000 - Billboard Year End Charts
195,gQMV1iQ-Xsc,Samantha Mumba - Gotta Tell You [HD],2251742,10813,1033,2012-12-08T19:13:13Z,Top 100 Songs of 2000 - Billboard Year End Charts
196,_66jPJVS4JE,Jennifer Lopez - Waiting For Tonight,97891210,417918,19062,2009-11-24T06:46:54Z,Top 100 Songs of 2000 - Billboard Year End Charts
197,V7eZD3TKn_M,Mary Mary - Shackles (Praise You) (Video),31324666,238776,5389,2011-03-25T10:17:11Z,Top 100 Songs of 2000 - Billboard Year End Charts
198,MrTz5xjmso4,Sean Kingston - Beautiful Girls (Official HD Video),1210056647,9392711,258561,2009-10-03T04:52:20Z,random hits 90's and 2000`s playlist
199,fQ9nQNx0KEs,Santana - Into The Night (Video) ft. Chad Kroeger,85753926,354472,10457,2009-10-25T07:04:37Z,random hits 90's and 2000`s playlist
200,iAP9AF6DCu4,The Calling - Wherever You Will Go (First Video- in Tijuana),563037781,2930405,61008,2009-10-25T08:36:01Z,random hits 90's and 2000`s playlist
201,YVkUvmDQ3HY,Eminem - Without Me (Official Music Video),1831619123,13251959,369609,2009-06-16T23:00:29Z,random hits 90's and 2000`s playlist
202,rn_YodiJO6k,Red Hot Chili Peppers - Otherside [Official Music Video],746698536,3437016,62257,2011-07-15T22:26:46Z,random hits 90's and 2000`s playlist
203,6W5pq4bIzIw,Shaggy - Boombastic (Official Music Video),196549046,1727340,38239,2009-03-07T06:47:34Z,random hits 90's and 2000`s playlist
204,znlFu_lemsU,Mary J. Blige - Family Affair (Official Music Video),533082110,2667740,38182,2009-06-16T23:13:05Z,random hits 90's and 2000`s playlist
205,is6gtilerPk,*NSYNC - I Want You Back (Official Video),75656430,282935,18219,2009-10-25T06:43:37Z,random hits 90's and 2000`s playlist
206,LlZydtG3xqI,TLC - Creep (Official HD Video),119786980,703669,23908,2010-07-15T01:22:34Z,random hits 90's and 2000`s playlist
207,roPQ_M3yJTA,Nelly Furtado - I'm Like A Bird (Official Music Video),144066125,798414,29360,2009-06-17T01:33:32Z,random hits 90's and 2000`s playlist
208,xI5NQ-0Ubfs,Outkast - The Way You Move (Official HD Video) ft. Sleepy Brown,77705591,536124,9667,2013-04-26T17:53:14Z,random hits 90's and 2000`s playlist
209,QZXc39hT8t4,"Dr. Dre - The Next Episode (Official Music Video) ft. Snoop Dogg, Kurupt, Nate Dogg",705036328,6130010,140727,2009-06-16T23:18:06Z,random hits 90's and 2000`s playlist
210,PLolag3YSYU,Nelly Furtado - Maneater (US Version) (Official Music Video),121517648,654602,18985,2009-06-16T22:04:05Z,random hits 90's and 2000`s playlist
211,Vjw92oUduEM,Destiny's Child - Jumpin’ Jumpin’ (Official Music Video),52853386,240375,6515,2009-10-25T08:39:05Z,random hits 90's and 2000`s playlist
212,6Whgn_iE5uc,Santana - Smooth (Stereo) ft. Rob Thomas,355929087,1733078,36448,2013-10-04T20:47:59Z,random hits 90's and 2000`s playlist
213,oKOtzIo-uYw,Fugees - Killing Me Softly With His Song (Official Video),483842527,3160534,48927,2011-03-27T07:02:57Z,random hits 90's and 2000`s playlist
214,gWju37TZfo0,Outkast - Roses (Official HD Video),131011885,780812,19100,2013-04-26T17:41:31Z,random hits 90's and 2000`s playlist
215,Wmc8bQoL-J0,Destiny's Child - Survivor (Official Video),188866258,1260779,30987,2009-10-25T08:41:34Z,random hits 90's and 2000`s playlist
216,C-u5WLJ9Yk4,Britney Spears - ...Baby One More Time (Official Video),894726262,5112138,186292,2009-10-25T07:08:26Z,random hits 90's and 2000`s playlist
217,6M6samPEMpM,Backstreet Boys - Everybody (Backstreet's Back) (Official HD Video),497102051,3087762,83680,2011-05-25T18:41:49Z,random hits 90's and 2000`s playlist
218,uB1D9wWxd2w,Mark Morrison - Return of the Mack (Official Music Video),224853758,1544227,59313,2007-06-23T23:28:11Z,random hits 90's and 2000`s playlist
219,6hzrDeceEKc,Oasis - Wonderwall  (Official Video),518622078,3087280,470,2008-02-07T17:24:58Z,random hits 90's and 2000`s playlist
220,Wt88GMJmVk0,Eve - Let Me Blow Ya Mind (Official Music Video) ft. Gwen Stefani,268017720,1881555,30301,2009-06-17T00:05:17Z,random hits 90's and 2000`s playlist
221,0tcDXJfAFVw,Ja Rule - Always On Time (Official Music Video) ft. Ashanti,260625382,1059183,24077,2009-12-25T04:33:10Z,random hits 90's and 2000`s playlist
222,5wBTdfAkqGU,2pac feat Dr.Dre - California Love HD,359117998,1821424,64793,2010-12-30T12:01:03Z,random hits 90's and 2000`s playlist
223,5qm8PH4xAss,50 Cent - In Da Club (Official Music Video),1955640306,11974431,315769,2009-06-16T23:36:21Z,random hits 90's and 2000`s playlist
224,6JnGBs88sL0,Nelly Furtado - Say It Right (Official Music Video),956328386,4708736,129953,2009-06-16T21:53:13Z,random hits 90's and 2000`s playlist
225,_CL6n0FJZpk,Dr. Dre - Still D.R.E. ft. Snoop Dogg,1386265094,10639038,308011,2011-10-27T16:48:34Z,random hits 90's and 2000`s playlist
226,WL2txMU50CI,Juvenile - Back That Ass Up,84155202,489014,19498,2007-03-06T11:36:56Z,random hits 90's and 2000`s playlist
227,lbnoG2dsUk0,Ginuwine - Pony,186359009,1421841,32296,2014-12-05T21:58:42Z,random hits 90's and 2000`s playlist
228,8WEtxJ4-sh4,TLC - Waterfalls (Official HD Video),151392882,895840,34938,2010-07-15T01:08:56Z,random hits 90's and 2000`s playlist
229,Eo-KmOd3i7s,*NSYNC - Bye Bye Bye (Official Video),345860585,1558509,73492,2009-10-25T07:07:28Z,random hits 90's and 2000`s playlist
230,TR3Vdo5etCQ,No Doubt - Don't Speak (Official 4K Music Video),1056316786,3830768,81724,2009-10-07T19:43:56Z,random hits 90's and 2000`s playlist
231,FrLequ6dUdM,TLC - No Scrubs (Official HD Video),400858851,2315701,70241,2014-02-01T06:55:32Z,random hits 90's and 2000`s playlist
232,3KL9mRus19o,"Blackstreet - No Diggity (Official Music Video) ft. Dr. Dre, Queen Pen",360452073,2095857,35947,2009-10-09T03:19:45Z,random hits 90's and 2000`s playlist
233,GeZZr_p6vB8,Nelly - Hot In Herre (Official Music Video),191435457,1122590,29748,2009-12-25T06:03:01Z,random hits 90's and 2000`s playlist
234,nPLV7lGbmT4,Santana - Maria Maria (Official Video) ft. The Product G&B,546424519,2664289,54857,2010-02-25T01:10:33Z,random hits 90's and 2000`s playlist
235,QOowQeKyNkQ,Chris Brown - Don't Wake Me Up (Official Music Video),248325309,1316503,62584,2012-06-11T07:00:07Z,random hits 90's and 2000`s playlist
236,hHUbLv4ThOo,Pitbull - Timber (Official Video) ft. Ke$ha,1462391318,5932244,160201,2013-11-25T18:19:53Z,random hits 90's and 2000`s playlist
237,SmM0653YvXU,Pitbull - Rain Over Me ft. Marc Anthony,1281807356,4663779,181438,2011-07-22T07:00:00Z,random hits 90's and 2000`s playlist
238,0DdCoNbbRvQ,Robin Thicke - Lost Without U (Official Music Video),81834778,513853,18160,2009-10-07T08:41:29Z,random hits 90's and 2000`s playlist
239,qBsEF7Qx09o,The Pussycat Dolls - I Don't Need A Man (Official Music Video),102977671,285611,13879,2009-12-20T06:02:56Z,random hits 90's and 2000`s playlist
240,T4E1s0g3ZMw,Jordin Sparks - Tattoo,43837100,124321,4371,2009-10-03T05:33:52Z,random hits 90's and 2000`s playlist
241,WBKnpyoFEBo,"Jordin Sparks, Chris Brown - No Air (Official Video) ft. Chris Brown",413025719,1974239,64921,2009-10-03T04:39:25Z,random hits 90's and 2000`s playlist
242,nmjdaBaZe8Y,Chris Brown - With You (Official HD Video),658543472,2891279,100985,2009-10-25T07:10:18Z,random hits 90's and 2000`s playlist
243,k6M5C-oKw9k,Ne-Yo - Miss Independent,512982459,2293640,51682,2009-12-14T03:28:23Z,random hits 90's and 2000`s playlist
244,tkXNEmtf9tk,Black Velvet by Alannah Myles,28432536,0,3269,2012-05-19T20:12:53Z,random hits 90's and 2000`s playlist
245,FaY5-LGYJKc,Melissa Etheridge - Come To My Window (Music Video),4533100,37431,1684,2012-05-15T19:10:40Z,random hits 90's and 2000`s playlist
246,oCphbDRkZSo,Melissa Etheridge - I'm The Only One (Music Video),12892557,104946,2675,2013-12-04T23:01:45Z,random hits 90's and 2000`s playlist
247,GuJQSAiODqI,Madonna - Vogue (Official Video),161197748,849776,49675,2009-10-27T02:07:34Z,random hits 90's and 2000`s playlist
248,xGytDsqkQY8,Semisonic - Closing Time (Official Music Video),123416528,703192,27112,2009-10-09T04:21:18Z,random hits 90's and 2000`s playlist
249,MW6E_TNgCsY,Everclear - Santa Monica (Official Music Video),35386067,209609,5955,2009-02-24T21:56:27Z,random hits 90's and 2000`s playlist
250,D1vQJFF2TKQ,Everclear - Everything To Everyone,4609391,29451,1518,2009-03-11T22:10:55Z,random hits 90's and 2000`s playlist
251,gJLIiF15wjQ,Spice Girls - Wannabe (Official Music Video),634809255,4412088,132376,2009-03-07T07:00:12Z,random hits 90's and 2000`s playlist
252,g2gy1Evb1Kg,TLC - Unpretty (Official HD Video),57667288,355582,16756,2010-07-15T01:11:32Z,random hits 90's and 2000`s playlist
253,FA5jsa1lR9c,Spice Girls - 2 Become 1 (Official Music Video),71122657,316441,22042,2009-03-07T07:13:00Z,random hits 90's and 2000`s playlist
254,9ro0FW9Qt-4,Spice Girls - Say You'll Be There (Official Music Video),89687167,348579,18745,2009-03-07T07:03:09Z,random hits 90's and 2000`s playlist
255,xk8mm1Qmt-Y,CeCe Peniston - Finally (Official Music Video),45331640,308681,11236,2009-06-16T22:24:45Z,random hits 90's and 2000`s playlist
256,dJ8VjyPw0qY,Joe - I Wanna Know (Official Video),214151137,1225896,26243,2009-10-25T20:07:56Z,random hits 90's and 2000`s playlist
257,LfRNRymrv9k,Mariah Carey - Always Be My Baby (Official Music Video),344227223,1428345,46056,2009-11-24T06:16:47Z,random hits 90's and 2000`s playlist
258,kwEZRPkAAu8,Next - Too Close (Official Music Video),116298763,677930,19249,2009-11-08T07:47:31Z,random hits 90's and 2000`s playlist
259,MUfgAbFY4CA,Everclear - Wonderful (Official Music Video),12209209,74825,4341,2009-02-24T22:36:49Z,random hits 90's and 2000`s playlist
260,kkcbxjWG9Mc,Everclear - Father Of Mine (Official Music Video),13243823,91841,6595,2009-02-24T21:51:00Z,random hits 90's and 2000`s playlist
261,W05cPXpUHGI,Everclear - I Will Buy You A New Life (Official Music Video),10813982,77797,3128,2009-03-11T21:13:03Z,random hits 90's and 2000`s playlist
262,6NXnxTNIWkc,4 Non Blondes - What's Up (Official Music Video),1696771550,7265245,197512,2011-02-23T21:30:01Z,random hits 90's and 2000`s playlist
263,ah5gAkna3jI,Gin Blossoms - Hey Jealousy (Official Music Video),34989335,162652,7757,2009-10-08T23:56:24Z,random hits 90's and 2000`s playlist
264,UQa1y4AoHZs,Chris Daughtry - Over You,1576254,4024,300,2007-09-25T13:45:54Z,random hits 90's and 2000`s playlist
265,vSdbQLXpmPQ,Hey Leonardo (She likes me for me),3559240,0,1122,2006-06-22T14:38:29Z,random hits 90's and 2000`s playlist
266,0Gjx-ZQuQ_Y,Uncle Kracker - Follow Me [Official Video],183688366,944853,18043,2010-02-02T22:27:37Z,random hits 90's and 2000`s playlist
267,xmLv8rfunPo,Sugar Ray - When It's Over (Official Music Video),11710556,77360,4756,2009-10-27T02:52:01Z,random hits 90's and 2000`s playlist
268,pRFEz2MjZgg,Toni Braxton - Breathe Again (Video Version),75362460,379980,12335,2009-10-25T08:37:09Z,random hits 90's and 2000`s playlist
269,p2Rch6WvPJE,Toni Braxton - Un-Break My Heart (Official HD Video),762258135,3425452,81228,2009-10-25T08:39:01Z,random hits 90's and 2000`s playlist
270,dP2t9LBeAwo,TLC - Red Light Special (Official HD Video),54950332,416086,12262,2009-10-25T07:05:52Z,random hits 90's and 2000`s playlist
271,JB5FxcI7Pyw,Toni Braxton - You Mean The World To Me,26354261,157204,5078,2009-10-25T08:44:19Z,random hits 90's and 2000`s playlist
272,j6XmNoauuOo,Two Princes - Spin Doctors (with lyrics),12695001,68801,3238,2010-03-24T21:01:42Z,random hits 90's and 2000`s playlist
273,IWvEXChflEE,"Mazzy Star - ""Fade Into You""",7858681,44528,2367,2007-01-20T00:37:45Z,random hits 90's and 2000`s playlist
274,TnEdUVBjZfo,Eagle Eye Cherry - Save tonight lyrics,20218052,83603,2717,2009-05-11T14:08:30Z,random hits 90's and 2000`s playlist
275,H947PtHmh0Y,Deborah Cox - Nobody's Supposed To Be Here (Official Video),91614336,593057,12890,2009-11-14T17:15:35Z,random hits 90's and 2000`s playlist
276,NvR60Wg9R7Q,Bon Jovi - Bed Of Roses (Official Music Video),352312027,1265782,43393,2009-06-17T00:44:51Z,random hits 90's and 2000`s playlist
277,W7EyUY3-Wrg,The Tony Rich Project - Nobody Knows (Video Version),12409777,131670,4896,2010-09-25T08:44:29Z,random hits 90's and 2000`s playlist
278,GbrSO81KhBY,Babyface - Every Time I Close My Eyes,76279564,394016,10877,2009-10-25T08:39:03Z,random hits 90's and 2000`s playlist
279,zUtnwcv-quE,Fly - Sugar Ray,36844803,193275,10192,2006-07-25T07:49:54Z,random hits 90's and 2000`s playlist
280,zrK-IxLv-LU,Jewel - You Were Meant For Me HQ,6146328,49113,1339,2012-04-21T20:59:43Z,random hits 90's and 2000`s playlist
281,7_0Y-V3MyqY,Semi-Charmed Life - Third Eye Blind,367498,1719,119,2008-11-07T18:25:27Z,random hits 90's and 2000`s playlist
282,nmsTwQb1csc,Fatboy Slim - The Rockafeller Skank,4842782,36762,2522,2007-09-18T12:53:40Z,random hits 90's and 2000`s playlist
283,uvRBUw_Ls2o,Beastie Boys - Body Movin',14019567,87657,3598,2009-09-15T00:19:55Z,random hits 90's and 2000`s playlist
284,UNoouLa7uxA,Jewel - Foolish Games (Official HD Music Video),44101468,278616,12308,2009-10-27T02:46:53Z,random hits 90's and 2000`s playlist
285,NmHMcKN8xlI,Can't Nobody Hold Me Down Puff Daddy And Mase,5275373,14701,1273,2010-05-22T11:25:34Z,random hits 90's and 2000`s playlist
286,hdydipoUjkw,Donna Lewis - I Love You Always Forever (Official Music Videos),4481862,31488,2368,2010-06-06T16:33:21Z,random hits 90's and 2000`s playlist
287,tyANFcnrM8I,No Mercy - Where Do You Go,75401617,411042,12736,2009-11-19T19:07:51Z,random hits 90's and 2000`s playlist
288,NGrLb6W5YOM,Céline Dion - All By Myself (Official Remastered HD Video),64655267,535137,17228,2012-08-24T16:38:42Z,random hits 90's and 2000`s playlist
289,6J538b-OLRU,Whitney Houston - It's Not Right But It's Okay (Official HD Video),113503375,569805,20989,2009-10-25T08:26:42Z,random hits 90's and 2000`s playlist
290,dZPQdZLyHYE,Original Music Video  Da Dip,5512348,39780,2701,2010-04-14T01:43:41Z,random hits 90's and 2000`s playlist
291,w3KOowB4k_k,Mariah Carey - Honey (Official 4K Video),51622691,204439,11763,2009-11-24T06:47:27Z,random hits 90's and 2000`s playlist
292,4JkIs37a2JE,Jamiroquai - Virtual Insanity (Official Video),258632892,1762304,56072,2009-10-25T18:57:57Z,random hits 90's and 2000`s playlist
293,_QUq72fla3o,Sarah McLachlan - Building A Mystery (Video),13072858,78371,5355,2009-10-25T08:28:22Z,random hits 90's and 2000`s playlist
294,SQsd7y5YbZw,LL Cool J - Phenomenon,3961904,20385,841,2010-05-18T09:08:27Z,random hits 90's and 2000`s playlist
295,stcdNj0SANw,Mariah Carey - Butterfly,39812269,158929,10089,2009-11-24T15:36:11Z,random hits 90's and 2000`s playlist
296,LiXg_70rMeM,Fatboy Slim - Praise You,2276723,7307,891,2007-09-18T17:02:18Z,random hits 90's and 2000`s playlist
297,K7l5ZeVVoCA,blink-182 - What's My Age Again? (Official Music Video),105332562,571516,29853,2009-06-16T21:41:07Z,random hits 90's and 2000`s playlist
298,xEmdW3_bi4c,"Whitney Houston - Heartbreak Hotel (Official HD Video) ft. Faith Evans, Kelly Price",49124140,334883,10685,2010-10-20T00:31:54Z,random hits 90's and 2000`s playlist
299,Pv0PAchVGCw,Enrique Iglesias - Bailamos,52760126,172026,6067,2011-03-05T10:55:25Z,random hits 90's and 2000`s playlist
300,it1aZBPuH4w,No Doubt - Excuse Me Mr. (Official Music Video),7415953,32188,1373,2009-10-07T04:11:30Z,random hits 90's and 2000`s playlist
301,PHzOOQfhPFg,No Doubt - Just A Girl,91753371,511366,17725,2009-10-07T17:25:44Z,random hits 90's and 2000`s playlist
302,p47fEXGabaY,Ricky Martin - Livin' La Vida Loca,497726592,2289267,69065,2009-10-03T04:42:00Z,random hits 90's and 2000`s playlist
303,PiBX-ESFDF0,No Doubt - Sunday Morning,51271792,217443,9298,2009-10-09T02:04:55Z,random hits 90's and 2000`s playlist
304,NnXeZclbO68,Dave Matthews Band - Stay (Wasting Time) (Official HD Video),3899878,11570,389,2009-10-03T04:38:20Z,random hits 90's and 2000`s playlist
305,h2JWJYLNUq4,Sarah McLachlan - Sweet Surrender,10523834,65115,2965,2009-10-25T08:36:27Z,random hits 90's and 2000`s playlist
306,qORYO0atB6g,Beastie Boys - Intergalactic,91567060,701929,29561,2009-09-15T00:17:56Z,random hits 90's and 2000`s playlist
307,hG9C0VwruXE,Shawn Mullins - Lullaby,10692860,82315,4558,2009-10-25T09:11:32Z,random hits 90's and 2000`s playlist
308,0uOzZRgJsX8,Divine - LATELY  - Original Version,10449240,96040,4496,2008-01-04T00:57:27Z,random hits 90's and 2000`s playlist
309,DKxXHEx-XnU,Citizen King - Better Days (And The Bottom Drops Out) (Official Music Video),2943062,24816,1767,2009-10-27T01:54:45Z,random hits 90's and 2000`s playlist
310,vefhY2RfM_0,Jermaine Dupri - Sweetheart (Official HD Video) ft. Mariah Carey,9748453,67282,3942,2010-10-23T12:57:44Z,random hits 90's and 2000`s playlist
311,vNoKguSdy4Y,Taylor Swift - I Knew You Were Trouble,517358826,3731148,270481,2012-12-14T22:15:07Z,random hits 90's and 2000`s playlist
312,hT_nvWreIhg,OneRepublic - Counting Stars,3942196316,17554450,491355,2013-05-31T07:00:36Z,random hits 90's and 2000`s playlist
313,SR6iYWJxHqs,Bruno Mars - Grenade (Official Music Video),1173122416,5717127,302196,2010-11-22T16:55:48Z,random hits 90's and 2000`s playlist
314,W-w3WfgpcGg,Bruno Mars - It Will Rain (Official Music Video),819138055,3778080,142623,2011-11-10T22:06:13Z,random hits 90's and 2000`s playlist
315,ekzHIouo8Q4,Bruno Mars - When I Was Your Man (Official Music Video),1356844424,7325832,199403,2013-02-05T20:01:34Z,random hits 90's and 2000`s playlist
316,qHm9MG9xw1o,OneRepublic - Secrets (Official Music Video),273616726,1841907,54564,2010-05-13T00:31:24Z,random hits 90's and 2000`s playlist
317,eM213aMKTHg,Lady Antebellum - Need You Now,604114137,3174142,77223,2011-01-28T20:40:32Z,random hits 90's and 2000`s playlist
318,EkHTsc9PU2A,Jason Mraz - I'm Yours (Official Video) [4K Remaster],772802516,4395289,131924,2008-03-14T23:13:29Z,random hits 90's and 2000`s playlist
319,MU8B4XDI3Uw,Maroon 5 - Love Somebody,165633711,861931,29164,2013-05-21T15:40:31Z,random hits 90's and 2000`s playlist
320,S2Cti12XBw4,Maroon 5 - Sunday Morning (Closed Captioned),209590036,772821,21701,2009-06-17T05:25:05Z,random hits 90's and 2000`s playlist
321,sAebYQgy4n4,Maroon 5 - Makes Me Wonder (Official Music Video),174618928,564532,20713,2009-12-14T03:22:49Z,random hits 90's and 2000`s playlist
322,nIjVuRTm-dc,Maroon 5 - She Will Be Loved (Official Music Video),747657835,2669231,68632,2009-06-17T05:23:28Z,random hits 90's and 2000`s playlist
323,VlMEGBsw6j8,Maroon 5 - Won't Go Home Without You (Official Music Video),262000559,887219,23293,2009-06-17T05:49:01Z,random hits 90's and 2000`s playlist
324,eDuRoPIOBjE,"Drake, Kanye West, Lil Wayne, Eminem - Forever (Explicit Version) (Official Music Video)",372954768,2170431,187321,2009-11-26T02:01:04Z,random hits 90's and 2000`s playlist
325,k-ImCpNqbJw,Diddy - Dirty Money - Coming Home ft. Skylar Grey,351033857,2457077,117236,2010-11-30T16:36:58Z,random hits 90's and 2000`s playlist
326,PH4JPgVD2SM,Kanye West - Amazing ft. Young Jeezy,71019905,358402,22019,2009-06-16T21:43:04Z,random hits 90's and 2000`s playlist
327,E58qLXBfLrs,Kanye West - Can't Tell Me Nothing,139514640,1044510,40482,2009-06-17T00:23:14Z,random hits 90's and 2000`s playlist
328,vIaH35-MLsk,Akon - Right Now (Na Na Na) (Official Video),878111017,5861129,153267,2009-12-13T22:06:50Z,random hits 90's and 2000`s playlist
329,8PTDv_szmL0,B.o.B - Nothin' On You (feat. Bruno Mars) [Official Video],439075336,2735277,75794,2010-03-09T20:33:08Z,random hits 90's and 2000`s playlist
330,kffacxfA7G4,Justin Bieber - Baby ft. Ludacris,3072096739,24609675,4823528,2010-02-19T08:16:34Z,random hits 90's and 2000`s playlist
331,a81eP2E8MEQ,"Jay Sean - Do You Remember ft. Sean Paul, Lil Jon",228675840,824759,29517,2009-12-11T04:23:23Z,random hits 90's and 2000`s playlist
332,oUbpGmR1-QM,Jay Sean - Down ft. Lil Wayne (Official Music Video) ft. Lil Wayne,357643041,2024723,90370,2009-11-24T17:29:47Z,random hits 90's and 2000`s playlist
333,y_SI2EDM6Lo,Taio Cruz - Break Your Heart (Official Video) ft. Ludacris,263083910,1301024,40796,2010-02-24T21:49:19Z,random hits 90's and 2000`s playlist
334,1RnPB76mjxI,Usher - OMG ft. will.i.am,212884624,1086692,50203,2010-03-30T00:15:56Z,random hits 90's and 2000`s playlist
335,5Sy19X0xxrM,"Usher - Confessions, Pt. II",209816076,808334,22181,2009-10-25T19:56:02Z,random hits 90's and 2000`s playlist
336,TJAfLE39ZZ8,Amy Winehouse - Back To Black,1042454657,5610447,132511,2009-12-23T17:35:35Z,random hits 90's and 2000`s playlist
337,b-I2s5zRbHg,Amy Winehouse - You Know I'm No Good,375134408,2009203,47205,2009-12-23T16:51:25Z,random hits 90's and 2000`s playlist
338,jjnmICxvoVY,Savage Garden - I Knew I Loved You (Official Video),232039843,1093903,42001,2009-10-25T08:41:39Z,random hits 90's and 2000`s playlist
339,t5XNWFw5HVw,Usher - Burn (Official Music Video),331510038,1199470,35329,2009-10-25T07:06:07Z,random hits 90's and 2000`s playlist
340,WQnAxOQxQIU,Savage Garden - Truly Madly Deeply,463052861,2137284,60303,2009-10-25T08:39:45Z,random hits 90's and 2000`s playlist
341,pO40TcKa_5U,Des'ree - You Gotta Be ('99 Mix) [Video],43667049,352335,10578,2011-09-12T16:59:43Z,random hits 90's and 2000`s playlist
342,vMXuuYnoRdI,"Amy Grant - Baby, Baby",15994482,105105,8173,2009-03-14T00:34:10Z,random hits 90's and 2000`s playlist
343,NRdHsuuXxfk,Timbaland - Carry Out (Official Music Video) ft. Justin Timberlake,205652712,679977,25521,2010-02-19T06:44:25Z,random hits 90's and 2000`s playlist
344,uuZE_IRwLNI,Justin Timberlake - Mirrors (Official Video),1189420853,5569066,178870,2013-03-20T00:55:42Z,random hits 90's and 2000`s playlist
345,nPvuNsRccVw,Bruno Mars - Treasure (Official Music Video),709762574,3967068,143393,2013-06-14T14:10:13Z,random hits 90's and 2000`s playlist
346,_ZcmuKsyvzg,*NSYNC - Tearin' Up My Heart (Official Video),114508250,476167,21175,2009-10-25T06:41:37Z,random hits 90's and 2000`s playlist
347,QH_V09v2BTI,Aaliyah - Try Again,2332590,8083,575,2009-01-27T22:42:17Z,random hits 90's and 2000`s playlist
348,ijXcYLV1aNg,Jordan Knight - Give It To You (Official Video),6965125,49123,6969,2009-10-05T15:15:41Z,random hits 90's and 2000`s playlist
349,NkVsJGl5d6E,Mandy Moore - Candy (Video),19563383,118245,12008,2013-04-11T07:36:33Z,random hits 90's and 2000`s playlist
350,U7uxf8kBBlg,Jessica Simpson - I Think I'm in Love with You,16308282,63304,4370,2009-10-03T04:41:07Z,random hits 90's and 2000`s playlist
351,UMtoVWGS0kA,Jann Arden - The Sound Of Album Version,336513,1107,67,2009-10-08T17:55:49Z,random hits 90's and 2000`s playlist
352,oeSgYR-zaxQ,Jann Arden - I Would Die For You Album Version,1164282,4880,315,2009-10-07T17:51:32Z,random hits 90's and 2000`s playlist
353,Lt6r-k9Bk6o,Sophie B. Hawkins - Damn I Wish I Was Your Lover,38906339,275864,17055,2009-10-25T09:11:23Z,random hits 90's and 2000`s playlist
354,VV1XWJN3nJo,Natalie Imbruglia - Torn (Official Video),284823110,1458300,49333,2009-10-03T04:36:16Z,random hits 90's and 2000`s playlist
355,Ckt0TuK0qv0,Melissa Etheridge - I Want To Come Over (Official Music Video),5085771,30657,1382,2009-10-07T22:19:03Z,random hits 90's and 2000`s playlist
356,oXqPjx94YMg,k.d. lang - Constant Craving (Official Music Video) | Warner Vault,11674296,93493,7278,2009-10-27T02:00:42Z,random hits 90's and 2000`s playlist
357,lWTDR6ztcnQ,Madonna - Celebration (Official Video),58895149,173975,11272,2009-10-14T20:35:32Z,random hits 90's and 2000`s playlist
358,3OnnDqH6Wj8,Flo Rida - Good Feeling [Official Video],606637727,2856833,97012,2011-10-21T20:16:50Z,random hits 90's and 2000`s playlist
359,EDwb9jOVRtU,Madonna - Hung Up (Official Video) [HD],455134272,2374711,96529,2009-10-27T01:58:43Z,random hits 90's and 2000`s playlist
360,Ys7-6_t7OEQ,Justin Bieber - Beauty And A Beat (Official Music Video) ft. Nicki Minaj,1084028455,6759494,588286,2012-10-12T15:55:06Z,random hits 90's and 2000`s playlist
361,8UVNT4wvIGY,Gotye - Somebody That I Used To Know (feat. Kimbra) [Official Music Video],2202210808,15581518,810742,2011-07-05T21:29:29Z,random hits 90's and 2000`s playlist
362,SgM3r8xKfGE,Flo Rida - Club Can't Handle Me ft. David Guetta [Official Music Video] - Step Up 3D,470613324,2007219,59915,2010-07-15T21:30:55Z,random hits 90's and 2000`s playlist
363,kn6-c223DUU,B.o.B - Airplanes (feat. Hayley Williams of Paramore) [Official Video],681292150,3655410,158248,2010-06-17T16:52:20Z,random hits 90's and 2000`s playlist
364,0zZ2bifb338,Sean Paul - Like Glue (Official Video),141695815,615613,11803,2009-10-27T02:47:38Z,random hits 90's and 2000`s playlist
365,XbGs_qK2PQA,Eminem - Rap God (Explicit),1389205740,19209265,1200091,2013-11-27T16:50:00Z,random hits 90's and 2000`s playlist
366,SRcnnId15BA,50 Cent - Candy Shop (Official Music Video) ft. Olivia,916371862,5480667,116315,2009-06-16T22:58:18Z,random hits 90's and 2000`s playlist
367,0kJ7FYgJ7Mo,50 Cent ft. Justin Timberlake - Ayo Technology [OFFICIAL VIDEO],6004698,19451,572,2013-08-27T13:55:39Z,random hits 90's and 2000`s playlist
368,GllEDACUbNo,50 Cent - Just A Lil Bit,524351912,2792887,44505,2009-06-16T22:50:01Z,random hits 90's and 2000`s playlist
369,6mEx9FtuN0k,T.I. - Dead & Gone ft. Justin Timberlake [Official Video],136401124,1018116,23584,2012-11-29T21:15:29Z,random hits 90's and 2000`s playlist
370,TBCXWdL7Wb8,Eminem - Lose Yourself (8 mile),41043837,105716,6966,2011-02-27T12:29:47Z,random hits 90's and 2000`s playlist
371,ngH0fkiNo-g,"Eminem - You Don't Know (Official Music Video) ft. 50 Cent, Cashis, Lloyd Banks",447608478,2171904,71398,2009-12-25T06:41:03Z,random hits 90's and 2000`s playlist
372,wt1YkGO2Ieo,No Doubt - Hey Baby,57511592,292328,7459,2009-10-06T14:40:41Z,random hits 90's and 2000`s playlist
373,nXskfsgBihE,"Timbaland - Scream (Official Video) ft. Keri Hilson, Nicole Scherzinger",68561646,172303,7702,2009-06-17T05:23:42Z,random hits 90's and 2000`s playlist
374,Ro7yHf_pU14,Kardinal Offishall - Dangerous ft. Akon (Official Music Video),290260904,1537021,29334,2009-11-23T02:25:24Z,random hits 90's and 2000`s playlist
375,KdS6HFQ_LUc,Rihanna - S&M,170332340,1550361,120082,2011-01-31T22:35:39Z,random hits 90's and 2000`s playlist
376,VwXeN2FsE7w,J-Kwon - Tipsy (Official Video),54233935,430562,13956,2009-10-25T19:26:05Z,random hits 90's and 2000`s playlist
377,bESGLojNYSo,Lady Gaga - Poker Face (Official Music Video),1255045463,6892250,293457,2009-12-20T03:05:36Z,random hits 90's and 2000`s playlist
378,1mB0tP1I-14,Lady Gaga - LoveGame (Official Music Video),228707311,1020336,69244,2009-06-16T22:03:41Z,random hits 90's and 2000`s playlist
379,CcCw1ggftuQ,Flo Rida - Right Round (feat. Ke$ha) [US Version] (Official Video),245275911,2005166,55553,2009-12-12T04:43:21Z,random hits 90's and 2000`s playlist
380,AHDtXqjgEj4,Bruno Mars - Gorilla (Official Music Video),171344035,923649,32567,2013-10-16T19:39:10Z,random hits 90's and 2000`s playlist
381,jUe8uoKdHao,David Guetta - Without You ft. Usher (Official Video),420165820,1970046,71789,2011-10-14T07:00:00Z,random hits 90's and 2000`s playlist
382,KV2ssT8lzj8,Eminem - No Love (Explicit Version) ft. Lil Wayne,656634086,3282294,209322,2010-09-29T18:05:14Z,random hits 90's and 2000`s playlist
383,YVw7eJ0vGfM,David Guetta - Turn Me On ft. Nicki Minaj (Official Video),393606651,1813943,106223,2012-01-31T08:01:00Z,random hits 90's and 2000`s playlist
384,p4kVWCSzfK4,"David Guetta - Where Them Girls At ft. Nicki Minaj, Flo Rida (Official Video)",364474933,1742262,83797,2011-06-28T07:01:00Z,random hits 90's and 2000`s playlist
385,s1XozsBN5Z4,Kelly Rowland - Motivation (Explicit) ft. Lil Wayne,240810825,1429637,49131,2011-04-05T15:56:08Z,random hits 90's and 2000`s playlist
386,YgFyi74DVjc,Tinie Tempah - Written In The Stars ft. Eric Turner,312374037,1903270,93509,2010-08-13T14:24:19Z,random hits 90's and 2000`s playlist
387,8ESdn0MuJWQ,Jason Derulo - Ridin' Solo [Official HD Music Video],149000762,648364,50380,2010-05-03T15:26:15Z,random hits 90's and 2000`s playlist
388,wa4nhWZ2cBc,Ja Rule ft. Charlie Baltimore - Down Ass Bitch,7561831,97558,1612,2013-05-19T14:01:44Z,random hits 90's and 2000`s playlist
389,M48nlk-1kH8,Petey Pablo - Freek-A-Leek (PAL Dirty),115680798,834745,16867,2009-10-25T20:01:14Z,random hits 90's and 2000`s playlist
390,b9FwA3Ch7tc,Fat Joe Feat. Ja Rule & Ashanti - What's Love (Video).,36051019,116576,2956,2010-06-22T13:48:07Z,random hits 90's and 2000`s playlist
391,LjhCEhWiKXk,Bruno Mars - Just The Way You Are (Official Music Video),1906467065,8190623,246118,2010-09-08T21:29:01Z,random hits 90's and 2000`s playlist
392,MKOT6teSarY,Cassidy - Hotel (VIDEO) ft. R.Kelly,74901138,350858,12048,2009-10-25T08:33:28Z,random hits 90's and 2000`s playlist
393,hrUM024xjAo,Beyonce feat. Jay-Z - '03 Bonnie & Clyde HQ,1109864,2442,182,2010-01-23T23:55:57Z,random hits 90's and 2000`s playlist
394,bKDdT_nyP54,Akon - Smack That (Official Music Video) ft. Eminem,1162476534,8258444,200331,2009-12-13T21:59:31Z,random hits 90's and 2000`s playlist
395,8kyWDhB_QeI,Kanye West - All Falls Down ft. Syleena Johnson,75657912,591224,28753,2009-12-25T04:43:18Z,random hits 90's and 2000`s playlist
396,HZwMX6T5Jhk,Kanye West - Love Lockdown,68641630,413141,20889,2009-12-14T03:04:28Z,random hits 90's and 2000`s playlist
397,6U7rdWY06C4,Alors On Danse (Ft. Kanye West & Gilbere Forte) COMPLETE,3538274,5689,652,2010-08-28T16:35:04Z,random hits 90's and 2000`s playlist
398,tAp9BKosZXs,Katy Perry - I Kissed A Girl (Official Music Video),279447888,2714871,145734,2008-06-10T18:36:10Z,random hits 90's and 2000`s playlist
399,k0BWlvnBmIE,Katy Perry - Wide Awake (Official Video),1015005333,4378509,247321,2012-06-18T23:53:07Z,random hits 90's and 2000`s playlist
400,M11SvDtPBhA,Miley Cyrus - Party In The U.S.A. (Official Video),962776380,4406030,442050,2009-09-25T22:56:39Z,random hits 90's and 2000`s playlist
401,e82VE8UtW8A,Rihanna - Rude Boy,659958060,2453818,108184,2010-02-09T19:35:27Z,random hits 90's and 2000`s playlist
402,KDKva-s_khY,Timbaland - If We Ever Meet Again ft. Katy Perry (Official Music Video),160111620,614878,26814,2010-02-09T22:23:42Z,random hits 90's and 2000`s playlist
403,KQ6zr6kCPj8,"LMFAO - Party Rock Anthem ft. Lauren Bennett, GoonRock",2351780479,11597662,656749,2011-03-09T06:02:38Z,random hits 90's and 2000`s playlist
404,D4hAVemuQXY,Eminem - Sing For The Moment (Official Music Video),525270236,3042841,107353,2009-12-25T06:48:38Z,random hits 90's and 2000`s playlist
405,hAuo8IOFNuE,Eminem - 3 a.m. (Official Music Video),63886640,375261,36049,2009-06-16T22:06:05Z,random hits 90's and 2000`s playlist
406,aQRLSBUNupg,Madonna  - Give It 2 Me feat. Pharrell (Official Video),94257073,297725,16732,2008-06-11T19:29:10Z,random hits 90's and 2000`s playlist
407,niqrrmev4mA,Lady Gaga - Alejandro (Official Music Video),544260005,2570791,253705,2010-06-08T08:21:46Z,random hits 90's and 2000`s playlist
408,LDj8kkVwisY,Eminem - My Name Is (Dirty Version) (Official Music Video),50961343,552505,17791,2009-06-16T23:11:19Z,random hits 90's and 2000`s playlist
409,CFWX0hWCbng,Ke$ha - Blow (Official Video),90350691,657520,66956,2011-02-25T13:23:40Z,random hits 90's and 2000`s playlist
410,edP0L6LQzZE,Ke$ha - Take It Off (Official Video),158855904,1418852,64369,2010-08-10T23:34:39Z,random hits 90's and 2000`s playlist
411,TOrnUquxtwA,What Goes Around...Comes Around (Official Video),461094745,2020847,66088,2009-10-03T21:26:21Z,random hits 90's and 2000`s playlist
412,DksSPZTZES0,Justin Timberlake - Cry Me A River (Official Video),502383678,2162334,82756,2009-10-03T05:00:13Z,random hits 90's and 2000`s playlist
413,nJHYDkvRB2Y,Justin Timberlake - Señorita (Official Video),112614266,352182,10291,2009-10-03T04:54:35Z,random hits 90's and 2000`s playlist
414,RQ9_TKayu9s,Eminem - Cleanin' Out My Closet (Official Music Video),398130518,2437485,92742,2009-06-16T23:39:02Z,random hits 90's and 2000`s playlist
415,3gOHvDP_vCs,Justin Timberlake - SexyBack (Official Video) ft. Timbaland,285615478,1865776,43138,2009-10-03T05:05:40Z,random hits 90's and 2000`s playlist
416,QUuKvHHt8Sk,Justin Timberlake - LoveStoned / I Think She Knows Interlude (Official Video),89674944,246162,11170,2009-11-24T06:26:06Z,random hits 90's and 2000`s playlist
417,FyXtoTLLcDk,Justin Timberlake - TKO (Official Video),126124975,673205,28644,2013-10-29T07:00:01Z,random hits 90's and 2000`s playlist
418,Z0WTChSuiek,Nina Sky - Move Ya Body [OFFICIAL VIDEO],5624076,34237,1012,2012-10-10T20:11:51Z,random hits 90's and 2000`s playlist
419,qGKrc3A6HHM,Daddy Yankee - Gasolina [Official Music Video],275738601,1191419,52763,2009-12-19T17:26:44Z,random hits 90's and 2000`s playlist
420,6cfCgLgiFDM,Christina Aguilera - Your Body (Official Video - Clean),217094954,1095220,122765,2012-09-28T15:40:06Z,random hits 90's and 2000`s playlist
421,OLuWHr6-0YQ,Flo Rida - I Cry [Official Video],126337458,633048,31695,2012-09-29T02:07:03Z,random hits 90's and 2000`s playlist
422,dg8QgUIKXHw,Christina Aguilera - Can't Hold Us Down (Official HD Video),154649863,737870,22478,2009-11-18T01:30:13Z,random hits 90's and 2000`s playlist
423,w4aDCCYnAB8,Madonna - Sorry (HD 720p),2797689,8139,297,2013-07-15T21:23:01Z,random hits 90's and 2000`s playlist
424,clwLKJ294u4,Britney Spears - Me Against The Music (Official HD Video),58804266,366025,18128,2011-03-18T01:59:23Z,random hits 90's and 2000`s playlist
425,1r9ghI7YcL0,The Pussycat Dolls - Beep (Official Music Video) ft. will.i.am,166615993,542948,15763,2009-10-08T12:50:53Z,random hits 90's and 2000`s playlist
426,iWyvMerss4w,The Pussycat Dolls - Wait A Minute (Official Music Video) ft. Timbaland,89096989,304725,8307,2009-12-20T08:10:51Z,random hits 90's and 2000`s playlist
427,rJYcmq__nDM,Rihanna - Rehab (Official Music Video) ft. Justin Timberlake,462858850,1665255,43857,2009-12-14T03:40:13Z,random hits 90's and 2000`s playlist
428,BmEiadAqDZc,Nelly Furtado - ... On The Radio (Remember The Days) (Official Music Video),13712912,62819,3219,2009-12-14T03:36:44Z,random hits 90's and 2000`s playlist
429,2Abk1jAONjw,Lady Gaga - Just Dance (Official Music Video) ft. Colby O'Donis,430925519,1926420,86154,2009-06-17T05:18:32Z,random hits 90's and 2000`s playlist
430,eLhpHjmxNw8,"Lenny Kravitz ""Are You Gonna Go My Way""",20050368,60475,3151,2007-12-03T22:59:32Z,random hits 90's and 2000`s playlist
431,uHCZS2qox7c,Divine Brown feat. Nelly Furtado - Sunglasses (New Version),206535,377,47,2009-02-06T03:57:48Z,random hits 90's and 2000`s playlist
432,RvuVFHTvdaY,No Doubt - Underneath It All ft. Lady Saw,55765284,313025,10454,2009-10-07T09:46:04Z,random hits 90's and 2000`s playlist
433,oTs6oQx1WJY,Britney Spears - 3 (Official HD Video),111148542,502180,33617,2009-11-14T16:02:23Z,random hits 90's and 2000`s playlist
434,uSD4vsh1zDA,The Black Eyed Peas - I Gotta Feeling (Official Music Video),714644405,4076986,136150,2009-12-23T22:04:16Z,random hits 90's and 2000`s playlist
435,rMqayQ-U74s,Britney Spears - Womanizer (Director's Cut) (Official HD Video),375992250,1599365,70662,2009-10-25T20:11:14Z,random hits 90's and 2000`s playlist
436,2IH8tNQAzSs,Lil Wayne - Lollipop (Official Music Video) ft. Static,578985368,2930538,101517,2009-06-17T05:34:52Z,random hits 90's and 2000`s playlist
437,9b8erWuBA44,Mariah Carey - Touch My Body (Official Music Video),237025988,1057085,43695,2009-06-17T05:31:56Z,random hits 90's and 2000`s playlist
438,8UFIYGkROII,Soulja Boy Tell'em - Crank That (Soulja Boy) (Official Music Video),567793587,4599649,210203,2009-11-22T10:24:58Z,random hits 90's and 2000`s playlist
439,q0SyUgw98tE,Fergie - Glamorous ft. Ludacris,257445246,1356281,54786,2009-06-16T22:44:13Z,random hits 90's and 2000`s playlist
440,IxszlJppRQI,Ne-Yo - So Sick (Official Music Video),339887027,1653762,48151,2009-10-07T10:51:42Z,random hits 90's and 2000`s playlist
441,6vwNcNOTVzY,Kanye West - Gold Digger ft. Jamie Foxx,346397123,1938413,73436,2009-06-16T23:11:29Z,random hits 90's and 2000`s playlist
442,2ei7Yn2EF2U,I like the way you move~By OutKast,1583764,4247,327,2008-12-20T22:45:24Z,random hits 90's and 2000`s playlist
443,ViwtNLUqkMY,Beyoncé - Crazy In Love ft. JAY Z,755989210,3621239,70292,2009-10-03T04:47:38Z,random hits 90's and 2000`s playlist
444,EmxD7jDuPR0,Sean Paul - Get Busy,5248610,11138,919,2008-08-02T20:58:59Z,random hits 90's and 2000`s playlist
445,tr-H8dR0HLo,"Jennifer Lopez - Ain't It Funny ft. Ja Rule, Cadillac Tah",46581985,219229,8442,2009-10-03T04:44:59Z,random hits 90's and 2000`s playlist
446,tE56SMO3FQQ,Joe feat Mystikal - Stutter,3424460,10017,813,2007-11-18T15:58:50Z,random hits 90's and 2000`s playlist
447,hpspGHeLOPE,Christina Aguilera - What A Girl Wants (Official Video),42551346,195673,10812,2009-10-03T04:37:42Z,random hits 90's and 2000`s playlist
448,l_CqMFKak1c,Maroon 5 - This Love MUSIC VIDEO,5695816,20155,1934,2007-05-16T21:51:17Z,random hits 90's and 2000`s playlist
449,QRcmTtI4gac,Right Round Florida,10164793,15700,1446,2009-04-30T14:24:11Z,random hits 90's and 2000`s playlist
450,dW2MmuA1nI4,Sean Paul - Temperature (Official Video),399891215,2384265,40546,2009-10-27T02:55:12Z,random hits 90's and 2000`s playlist
451,GJzF7H2e3Tw,Akon - I Wanna Love You ft. Snoop Dogg,434815128,3175303,53676,2009-12-14T05:03:24Z,random hits 90's and 2000`s playlist
452,uUGFhVWPOFs,Sean Paul - We Be Burnin' (Recognize It) [Official Video],124000076,461606,12444,2010-02-03T23:49:05Z,random hits 90's and 2000`s playlist
453,0RQDIJ2CvbA,Christina Aguilera - Come On Over (All I Want Is You) (Official Video),53703417,226704,10711,2009-11-18T01:40:10Z,random hits 90's and 2000`s playlist
454,KUmZp8pR1uc,Amy Winehouse - Rehab,334121612,2000047,88408,2009-12-23T17:41:04Z,random hits 90's and 2000`s playlist
455,JWA5hJl4Dv0,Akon - Don't Matter (Official Music Video),590164506,4264610,111735,2009-06-16T22:43:36Z,random hits 90's and 2000`s playlist
456,U5rLz5AZBIA,"Timbaland - The Way I Are (Official Music Video) ft. Keri Hilson, D.O.E., Sebastian",586986825,2600086,61609,2009-06-17T05:34:31Z,random hits 90's and 2000`s playlist
457,ZSM3w1v-A_Y,Timbaland - Apologize ft. OneRepublic,622306286,4125830,96494,2009-06-17T05:20:38Z,random hits 90's and 2000`s playlist
458,PsO6ZnUZI0g,Kanye West - Stronger,460466309,3078470,158690,2009-06-17T01:25:29Z,random hits 90's and 2000`s playlist
459,O0lf_fE3HwA,Gwen Stefani - The Sweet Escape (Closed Captioned) ft. Akon,194549579,1241421,36949,2009-12-14T01:32:32Z,random hits 90's and 2000`s playlist
460,3lO5eGEnyRA,702 - Where My Girls At (Official Music Video),16528655,145624,5314,2009-06-16T22:05:04Z,random hits 90's and 2000`s playlist
461,v0NSeysrDYw,Bob Sinclar - Love Generation (Official Video),165849357,924669,26082,2009-02-04T10:43:08Z,random hits 90's and 2000`s playlist
462,8MnwKvvDcxQ,Jennifer Lopez - Waiting For Tonight (Remix),8074399,29370,1612,2011-03-23T20:38:04Z,random hits 90's and 2000`s playlist
463,8WYHDfJDPDc,Nelly - Dilemma (Official Music Video) ft. Kelly Rowland,1498127750,7949520,182106,2009-10-05T21:48:04Z,random hits 90's and 2000`s playlist
464,1WIsnC-h1d0,Jennifer Lopez - Get Right (Official Video),174557471,768345,18562,2009-10-03T04:49:24Z,random hits 90's and 2000`s playlist
465,TGwZ7MNtBFU,Gwen Stefani - Cool (Official Music Video),179585608,816624,41927,2009-10-05T15:21:56Z,random hits 90's and 2000`s playlist
466,c18441Eh_WE,Kylie Minogue - Can't Get You Out Of My Head (Official Video),418815698,2750324,55839,2009-03-06T19:34:09Z,random hits 90's and 2000`s playlist
467,P4Bda6_usuc,The Black Eyed Peas - Don't Phunk With My Heart,148537838,630118,13237,2009-06-16T23:57:36Z,random hits 90's and 2000`s playlist
468,TSVHoHyErBQ,Justin Timberlake - Rock Your Body (Official Video),188470651,933064,29459,2009-10-03T05:02:44Z,random hits 90's and 2000`s playlist
469,eW2qlKa6oHw,Lenny Kravitz - Again,287855735,1043205,23830,2007-12-03T22:52:23Z,random hits 90's and 2000`s playlist
470,Urdlvw0SSEc,Alicia Keys - Fallin' (Official HD Video),309146558,1975612,30436,2009-10-25T08:33:15Z,random hits 90's and 2000`s playlist
471,rywUS-ohqeE,Alicia Keys - No One (Official Music Video),760015065,3415830,79185,2009-10-03T04:45:35Z,random hits 90's and 2000`s playlist
472,sQgd6MccwZc,Destiny's Child - Say My Name (Official Video),373992597,1841311,45165,2009-10-25T08:36:38Z,random hits 90's and 2000`s playlist
473,WEQ0l_m3Xm0,Macy Gray - I Try (Official Video),74405464,531399,16436,2011-03-18T14:35:57Z,random hits 90's and 2000`s playlist
474,dIOH8Trfas4,Britney Spears - My Prerogative (Official HD Video),47905088,220781,12402,2009-10-25T07:08:17Z,random hits 90's and 2000`s playlist
475,KRzMtlZjXpU,The Black Eyed Peas - Shut Up,337182932,1349476,28283,2009-06-16T23:07:44Z,random hits 90's and 2000`s playlist
476,Mzybwwf2HoQ,Britney Spears - I'm A Slave 4 U (Official HD Video),187870325,813753,37053,2009-10-25T07:05:50Z,random hits 90's and 2000`s playlist
477,IyYnnUcgeMc,Destiny's Child - Bootylicious,118965508,502656,16836,2009-10-25T08:38:23Z,random hits 90's and 2000`s playlist
478,XQ7z57qrZU8,Fatboy Slim - Weapon Of Choice,8220424,82059,4812,2010-11-17T02:49:04Z,random hits 90's and 2000`s playlist
479,LMOKlXfXn50,Blu Cantrell - Hit 'Em Up Style (Oops!) (Video Version),65955468,609904,14431,2009-10-25T08:28:18Z,random hits 90's and 2000`s playlist
480,kOL7aeIDruA,Nelly Furtado - Turn Off The Light (Official Music Video),84714088,416591,12841,2009-06-16T23:36:20Z,random hits 90's and 2000`s playlist
481,weRHyjj34ZE,"Shakira - Whenever, Wherever (Official HD Video)",752190927,3401196,119325,2009-10-03T20:24:15Z,random hits 90's and 2000`s playlist
482,9UCY_U4QwqI,Jagged Edge - Where the Party At ft. Nelly,44163707,268278,6116,2009-10-25T19:34:59Z,random hits 90's and 2000`s playlist
483,IbRwSI8yi1o,*NSYNC - Gone (Official HD Video),42859783,246612,12806,2009-11-24T06:07:38Z,random hits 90's and 2000`s playlist
484,Sjx9oSJDAVQ,Jennifer Lopez - I'm Real (Remix) ft. Ja Rule,225167403,855162,24828,2009-10-03T04:42:26Z,random hits 90's and 2000`s playlist
