,video_id,title,views,likes,comments,play_list_name
0,4fndeDfaWCg,Backstreet Boys - I Want It That Way (Official HD Video),1336647072,7235206,278978,Late 90s Early 2000s Pop Hits Playlist
1,ZyhrYis509A,Aqua - Barbie Girl (Official Music Video),1399470842,8432123,416291,Late 90s Early 2000s Pop Hits Playlist
2,nZXRV4MezEw,Cher - Believe (Official Music Video) [4K Remaster],347636133,2016250,52748,Late 90s Early 2000s Pop Hits Playlist
3,YPwtJ89jes4,Kylie Minogue - Can't Get You Out Of My Head (HD),21396701,220303,8062,Late 90s Early 2000s Pop Hits Playlist
4,NdYWuo9OFAw,Goo Goo Dolls – Iris [Official Music Video] [4K Remaster],491971496,2948375,69698,Late 90s Early 2000s Pop Hits Playlist
5,Lzib4Q6x2XA,Definition Of | 559 | 432Hz,335225,502,30,Late 90s Early 2000s Pop Hits Playlist
6,mzJj5-lubeM,Red Hot Chili Peppers - Scar Tissue [Official Music Video],493768924,2107382,38405,Late 90s Early 2000s Pop Hits Playlist
7,C-u5WLJ9Yk4,Britney Spears - ...Baby One More Time (Official Video),894170254,5109892,186245,Late 90s Early 2000s Pop Hits Playlist
8,hI3SOjHvI7Q,Paul Damixie x SERE  - You Got Me Like | Official Music Video,2399235,2293,27,Late 90s Early 2000s Pop Hits Playlist
9,0Gl2QnHNpkA,Backstreet Boys - As Long As You Love Me (Official HD Video),515995274,2286900,66711,Late 90s Early 2000s Pop Hits Playlist
10,5NPBIwQyPWE,Avril Lavigne - Complicated (Official Video),650735589,4395265,150852,Late 90s Early 2000s Pop Hits Playlist
11,z-iS0bCdIj8,Lovers In Action | Sonic Resistance | 432Hz,12668,100,18,Late 90s Early 2000s Pop Hits Playlist
12,7wfYIMyS_dI,Enya - Only Time (Official 4K Music Video),257234715,2254030,99749,Late 90s Early 2000s Pop Hits Playlist
13,9bFHsd3o1w0,Céline Dion - My Heart Will Go On (Official 25th Anniversary Alternate Music Video),13715188,197070,7279,Late 90s Early 2000s Pop Hits Playlist
14,6M6samPEMpM,Backstreet Boys - Everybody (Backstreet's Back) (Official HD Video),496766228,3085913,84113,Late 90s Early 2000s Pop Hits Playlist
15,weRHyjj34ZE,"Shakira - Whenever, Wherever (Official HD Video)",751866719,3399122,119292,Late 90s Early 2000s Pop Hits Playlist
16,nPLV7lGbmT4,Santana - Maria Maria (Official Video) ft. The Product G&B,546126683,2662959,54848,Late 90s Early 2000s Pop Hits Playlist
17,TZUnjISv_J4,DCG Shun x DCG Bsavv - On The Ground (feat. 2Rare) [Official Music Video],473198,6067,204,Late 90s Early 2000s Pop Hits Playlist
18,9c6_PrUcDAM,Paul Damixie - I'm Done | Official Visualizer,2766707,3689,29,Late 90s Early 2000s Pop Hits Playlist
19,OT5msu-dap8,Backstreet Boys - Shape Of My Heart (Official HD Video),338411073,1050720,43888,Late 90s Early 2000s Pop Hits Playlist
20,1TO48Cnl66w,Dido - Thank You (Official Video),349578545,2809454,67136,Late 90s Early 2000s Pop Hits Playlist
21,24u3NoPvgMw,Conan Gray - Heather,158930372,3311801,86207,Late 90s Early 2000s Pop Hits Playlist
22,RQa7SvVCdZk,"Christina Aguilera, Lil' Kim, Mya, P!nk - Lady Marmalade",535233901,2638349,78025,Late 90s Early 2000s Pop Hits Playlist
23,luwAMFcc2f8,Robbie Williams - Angels,237060649,1150452,26951,Late 90s Early 2000s Pop Hits Playlist
24,HUJ65XHS-Lw,Paul Damixie - Drip (Official Music Video),6293765,11323,102,Late 90s Early 2000s Pop Hits Playlist
25,sQgd6MccwZc,Destiny's Child - Say My Name (Official Video),373795163,1840524,45155,Late 90s Early 2000s Pop Hits Playlist
26,XS088Opj9o0,Madonna - Frozen (Official Video) [HD],208702112,1422739,66034,Late 90s Early 2000s Pop Hits Playlist
27,KRzMtlZjXpU,The Black Eyed Peas - Shut Up,336998908,1348689,28277,Late 90s Early 2000s Pop Hits Playlist
28,koJlIGDImiU,Enrique Iglesias - Hero,517727092,2147432,91540,Late 90s Early 2000s Pop Hits Playlist
29,t0bPrt69rag,Britney Spears - Sometimes (Official HD Video),310268293,1104158,65694,Late 90s Early 2000s Pop Hits Playlist
30,v895UsLmfnI,Paul Damixie - Secrets | Official Music Video,11149986,15895,126,Late 90s Early 2000s Pop Hits Playlist
31,CduA0TULnow,Britney Spears - Oops!...I Did It Again (Official HD Video),435093066,2764062,106948,Late 90s Early 2000s Pop Hits Playlist
32,6thmPrTxBtI,*NSYNC - This I Promise You (Official Video),289001666,984232,47018,Late 90s Early 2000s Pop Hits Playlist
33,hhHcBKS0YBc,Dido - White Flag (Official 4K Video),1361589,22365,1022,Late 90s Early 2000s Pop Hits Playlist
34,T6wbugWrfLU,Céline Dion - That's The Way It Is (Official Video),298608239,993530,33878,Late 90s Early 2000s Pop Hits Playlist
35,wmDxJrggie8,Luther Vandross - Dance With My Father,147340259,809331,39517,Late 90s Early 2000s Pop Hits Playlist
36,OpiuFITNzEs,Smiley - Walking To The Moon | Official Visualizer,394815,1129,60,Late 90s Early 2000s Pop Hits Playlist
37,Cwkej79U3ek,Vanessa Carlton - A Thousand Miles,378340878,3733269,194920,Late 90s Early 2000s Pop Hits Playlist
38,VV1XWJN3nJo,Natalie Imbruglia - Torn (Official Video),284673633,1457461,49309,Late 90s Early 2000s Pop Hits Playlist
39,xeMOO5EudYs,Michael Bublé - Sway (Official Lyric Video),5832033,85177,960,Late 90s Early 2000s Pop Hits Playlist
40,mIhI23gBBPQ,Mariah Carey - My All (Official HD Video),234205491,1188358,36536,Late 90s Early 2000s Pop Hits Playlist
41,a-Lp2uC_1lg,Shania Twain - From This Moment On,317941468,1291480,44986,Late 90s Early 2000s Pop Hits Playlist
42,7Aedpp3dzYA,Smiley - Tomorrow | Official Visualizer,816906,2430,161,Late 90s Early 2000s Pop Hits Playlist
43,ulOb9gIGGd0,Westlife - My Love (Official Video),345801082,1831843,85688,Late 90s Early 2000s Pop Hits Playlist
44,zsfj9j0kjoU,Whitney Houston with Enrique Iglesias - Could I Have This Kiss Forever (Official HD Video),168239726,669661,18830,Late 90s Early 2000s Pop Hits Playlist
45,kIDWgqDBNXA,Christina Aguilera - Genie In A Bottle (Official Video),240332305,1256581,51751,Late 90s Early 2000s Pop Hits Playlist
46,GZXHBgjQjNM,Backstreet Boys - Drowning (Official HD Video),214334387,751060,34932,Late 90s Early 2000s Pop Hits Playlist
47,7NrQei36fJk,Westlife - If I Let You Go (Official Video),229449341,686512,28721,Late 90s Early 2000s Pop Hits Playlist
48,4iSkpiLg9Bc,Smiley  - Days of Summer | Official Visualizer,2490061,5428,287,Late 90s Early 2000s Pop Hits Playlist
49,jjnmICxvoVY,Savage Garden - I Knew I Loved You (Official Video),231915896,1093464,41985,Late 90s Early 2000s Pop Hits Playlist
50,rnztMhtUF6o,Josh Groban - You Raise Me Up [Official Music Video],15229339,95168,4294,Late 90s Early 2000s Pop Hits Playlist
51,MY4YJxn-9Og,Marc Anthony - You Sang To Me (Video),196757677,641120,24084,Late 90s Early 2000s Pop Hits Playlist
52,ZnOAK04tJhc,Westlife - I Lay My Love on You (Official Video),152630594,565014,23205,Late 90s Early 2000s Pop Hits Playlist
53,aBt8fN7mJNg,Backstreet Boys - Show Me The Meaning Of Being Lonely,286619124,1537892,58143,Late 90s Early 2000s Pop Hits Playlist
54,GeSTnrF5dPw,Days of Summer (Toesup Remix),540382,692,5,Late 90s Early 2000s Pop Hits Playlist
55,GQMlWwIXg3M,*NSYNC - It's Gonna Be Me (Official Video),195872014,879007,47802,Late 90s Early 2000s Pop Hits Playlist
56,DL7-CKirWZE,New Radicals - You Get What You Give (Official Music Video),165241289,1072361,52672,Late 90s Early 2000s Pop Hits Playlist
57,dGR65RWwzg8,Avril Lavigne - I'm With You (Official Video),263164244,1711081,67690,Late 90s Early 2000s Pop Hits Playlist
58,h9rCobRl-ng,Whitney Houston - Run To You (Official HD Video),225503523,839980,37533,Late 90s Early 2000s Pop Hits Playlist
59,Q4VK9_CfOLQ,Britney Spears - (You Drive Me) Crazy (Official HD Video),199376987,710274,35151,Late 90s Early 2000s Pop Hits Playlist
60,XcGfcx4YOVw,Edine - 24/7 | Official Visualizer,322185,811,33,Late 90s Early 2000s Pop Hits Playlist
61,jql7ghuw7eQ,Vengaboys - Kiss (When The Sun Don't Shine),80356695,389886,9963,Late 90s Early 2000s Pop Hits Playlist
62,IobNcpiwpSc,Ronan Keating - When You Say Nothing At All,109557950,561572,16842,Late 90s Early 2000s Pop Hits Playlist
63,RkWQDDv_qdg,Blue - All Rise,130679720,673560,31259,Late 90s Early 2000s Pop Hits Playlist
64,IlV7RhT6zHs,"Britney Spears - I'm Not A Girl, Not Yet A Woman (Official HD Video)",173942126,773953,34540,Late 90s Early 2000s Pop Hits Playlist
65,Obi4iELWJ3Y,Vengaboys - Shalala lala,184197758,1016289,20750,Late 90s Early 2000s Pop Hits Playlist
66,GWc_7mhr4fM,"Alex Parker, SBSTN - Eyes Wide Shut (Official Lyric Video)",311712,618,4,Late 90s Early 2000s Pop Hits Playlist
67,4vvBAONkYwI,Britney Spears - Lucky (Official HD Video),182078189,759097,47683,Late 90s Early 2000s Pop Hits Playlist
68,vzerbXFwGCE,The Corrs - Breathless [Official Video],97949005,408664,15749,Late 90s Early 2000s Pop Hits Playlist
69,_ZcmuKsyvzg,*NSYNC - Tearin' Up My Heart (Official Video),114430608,475827,21161,Late 90s Early 2000s Pop Hits Playlist
70,PZYSiWHW8V0,Britney Spears - Overprotected,153166311,529802,25434,Late 90s Early 2000s Pop Hits Playlist
71,roPQ_M3yJTA,Nelly Furtado - I'm Like A Bird (Official Music Video),143997343,797966,29361,Late 90s Early 2000s Pop Hits Playlist
72,TH_cEwXyF28,Erik Frank - Physical (Official Lyric Video),216941,574,7,Late 90s Early 2000s Pop Hits Playlist
73,9mQJaXwGPlg,Enrique Iglesias - Escape,150369771,487736,19019,Late 90s Early 2000s Pop Hits Playlist
74,Q91hydQRGyM,Jennifer Lopez - Let's Get Loud (Official Video),149120784,497962,13521,Late 90s Early 2000s Pop Hits Playlist
75,8Jo7jG--IwU,Blue - Breathe Easy,70064327,327579,12409,Late 90s Early 2000s Pop Hits Playlist
76,NHydngA5C4E,Madonna - The Power Of Good-Bye (Official Video),79718668,385730,20939,Late 90s Early 2000s Pop Hits Playlist
77,lYfkl-HXfuU,Jennifer Lopez - If You Had My Love (Official Video),181153161,641762,25712,Late 90s Early 2000s Pop Hits Playlist
78,1THKWFeQ4ro,Jealous Friend - Sometimes (Official Lyric Video),579604,1410,12,Late 90s Early 2000s Pop Hits Playlist
79,S4kzGhDEURA,Ronan Keating - If Tomorrow Never Comes,102362818,466143,17243,Late 90s Early 2000s Pop Hits Playlist
80,NHozn0YXAeE,Hanson - MMMBop (Official Music Video),144756278,668469,53943,Late 90s Early 2000s Pop Hits Playlist
81,AJWtLf4-WWs,Britney Spears - Stronger (Official HD Video),156412866,533080,28469,Late 90s Early 2000s Pop Hits Playlist
82,TnOy6HEf7HU,Anastacia - I'm Outta Love (PCM Stereo),93462065,434994,8621,Late 90s Early 2000s Pop Hits Playlist
83,LNBjMRvOB5M,Pet Shop Boys - Go West (Official Video) [HD REMASTERED],65396586,366517,24125,Late 90s Early 2000s Pop Hits Playlist
84,S65AbYxU3KM,Erik Frank - Lowkey Loving You (Official Lyric Video),250707,631,12,Late 90s Early 2000s Pop Hits Playlist
85,mqFLXayD6e8,Shania Twain - That Don't Impress Me Much (Official Music Video),116023155,523039,24259,Late 90s Early 2000s Pop Hits Playlist
86,7eul_Vt6SZY,Boyzone - No Matter What (Official Music Video),81721950,308292,15763,Late 90s Early 2000s Pop Hits Playlist
87,g4tpuu-Up90,Michael Jackson - You Rock My World (Official Video - Shortened Version),96432569,673108,19749,Late 90s Early 2000s Pop Hits Playlist
88,JDKGWaCglRM,P!nk - Just Like A Pill (Official Video),166547667,706313,19301,Late 90s Early 2000s Pop Hits Playlist
89,iFa6I9KN63Q,Gareth Gates - Anyone Of Us (Stupid Mistake),77948430,343498,15757,Late 90s Early 2000s Pop Hits Playlist
90,JwFDrt6UpAg,Jealous Friend - Boogie (Official Lyric Video),355078,720,6,Late 90s Early 2000s Pop Hits Playlist
91,xEmdW3_bi4c,"Whitney Houston - Heartbreak Hotel (Official HD Video) ft. Faith Evans, Kelly Price",49075122,334609,10679,Late 90s Early 2000s Pop Hits Playlist
92,GSLSwwkLRW0,Jennifer Lopez - Ain't It Funny (Official Video),163441869,524053,17047,Late 90s Early 2000s Pop Hits Playlist
93,GRz4FY0ZcwI,Five for Fighting - Superman (It's Not Easy),102388525,395032,14282,Late 90s Early 2000s Pop Hits Playlist
94,-1jPUB7gRyg,Aqua - Doctor Jones,53962176,222803,8626,Late 90s Early 2000s Pop Hits Playlist
95,xWKdMmH0B-E,Destiny's Child - Emotion (Official HD Video),85956142,418489,11518,Late 90s Early 2000s Pop Hits Playlist
96,NNotvqW1uww,Carine - On My Mind | Official Music Video,333151,1028,40,Late 90s Early 2000s Pop Hits Playlist
97,e2IGuqOqUAw,REO | Savior | 432hz | Phi Balanced Music,405779,582,25,Late 90s Early 2000s Pop Hits Playlist
98,Xdv83MFJd7U,Westlife - Seasons In The Sun (Official Video),88473625,339798,18907,Late 90s Early 2000s Pop Hits Playlist
99,PSu5nAQ7uZw,Dido - Here with Me (Official Video),107993948,435362,16251,Late 90s Early 2000s Pop Hits Playlist
100,yCmsZUN4r_s,"Faith Hill - ""Breathe"" (Official Video)",34335048,214897,7944,Top 100 Songs of 2000 - Billboard Year End Charts
101,6Whgn_iE5uc,Santana - Smooth (Stereo) ft. Rob Thomas,355701210,1732215,36442,Top 100 Songs of 2000 - Billboard Year End Charts
102,nPLV7lGbmT4,Santana - Maria Maria (Official Video) ft. The Product G&B,546126683,2662958,54848,Top 100 Songs of 2000 - Billboard Year End Charts
103,dJ8VjyPw0qY,Joe - I Wanna Know (Official Video),214024500,1225184,26230,Top 100 Songs of 2000 - Billboard Year End Charts
104,VwSaldFJofM,Vertical Horizon-Everything You Want,3205448,18672,1329,Top 100 Songs of 2000 - Billboard Year End Charts
105,sQgd6MccwZc,Destiny's Child - Say My Name (Official Video),373795163,1840524,45155,Top 100 Songs of 2000 - Billboard Year End Charts
106,jjnmICxvoVY,Savage Garden - I Knew I Loved You (Official Video),231915896,1093464,41985,Top 100 Songs of 2000 - Billboard Year End Charts
107,x-skFgrV59A,Lonestar - Amazed (Official Music Video),77286882,467365,12856,Top 100 Songs of 2000 - Billboard Year End Charts
108,KcSNwUD6rpA,Matchbox Twenty - Bent (Official Video),2512087,8857,433,Top 100 Songs of 2000 - Billboard Year End Charts
109,9_hKXk2qSuw,Toni Braxton - He Wasn't Man Enough (Video Version),126245472,588497,22597,Top 100 Songs of 2000 - Billboard Year End Charts
110,J16lInLZRms,Creed - Higher (Official Video),76320997,371094,15500,Top 100 Songs of 2000 - Billboard Year End Charts
111,Vjw92oUduEM,Destiny's Child - Jumpin’ Jumpin’ (Official Music Video),52835958,240273,6514,Top 100 Songs of 2000 - Billboard Year End Charts
112,Oai1V7kaFBk,Sisqo - Thong Song (Official Music Video),160948970,888746,44946,Top 100 Songs of 2000 - Billboard Year End Charts
113,xPU8OAjjS4k,3 Doors Down - Kryptonite (Official Video),435646576,1782738,38610,Top 100 Songs of 2000 - Billboard Year End Charts
114,66LnhtnSoKc,P!NK - There You Go (Official Video),32548453,188574,9447,Top 100 Songs of 2000 - Billboard Year End Charts
115,EDwb9jOVRtU,Madonna - Hung Up (Official Video) [HD],454873391,2373502,96499,Top 100 Songs of 2000 - Billboard Year End Charts
116,7iJZosBX2L0,Janet Jackson - Doesn't Really Matter (Official Video),3676847,35875,2082,Top 100 Songs of 2000 - Billboard Year End Charts
117,hpspGHeLOPE,Christina Aguilera - What A Girl Wants (Official Video),42544384,195622,10812,Top 100 Songs of 2000 - Billboard Year End Charts
118,rXPfovXw2tw,Brian McKnight - Back At One (Short Version) (Official Music Video),180210089,1213853,29099,Top 100 Songs of 2000 - Billboard Year End Charts
119,Eo-KmOd3i7s,*NSYNC - Bye Bye Bye (Official Video),345706174,1557894,73475,Top 100 Songs of 2000 - Billboard Year End Charts
120,MY4YJxn-9Og,Marc Anthony - You Sang To Me (Video),196757677,641120,24084,Top 100 Songs of 2000 - Billboard Year End Charts
121,fLVzw9wVd9o,Marc Anthony - I Need to Know (Video),56196885,196936,6317,Top 100 Songs of 2000 - Billboard Year End Charts
122,k_C_nhzdNFI,Montell Jordan - Get It On Tonite,30026743,196534,5261,Top 100 Songs of 2000 - Billboard Year End Charts
123,Z6qqS9mbdY4,Sisqo - Incomplete,34575765,212564,7822,Top 100 Songs of 2000 - Billboard Year End Charts
124,WEQ0l_m3Xm0,Macy Gray - I Try (Official Video),74372417,531165,16430,Top 100 Songs of 2000 - Billboard Year End Charts
125,GQMlWwIXg3M,*NSYNC - It's Gonna Be Me (Official Video),195872014,879007,47802,Top 100 Songs of 2000 - Billboard Year End Charts
126,T6wbugWrfLU,Céline Dion - That's The Way It Is (Official Video),298608239,993530,33878,Top 100 Songs of 2000 - Billboard Year End Charts
127,Y5qKNlcUwKs,Nelly - Country Grammar (Hot...) (Official Music Video),101127181,507496,15255,Top 100 Songs of 2000 - Billboard Year End Charts
128,h4mjAOgHLvU,Blaque - Bring It All to Me ft. *NSYNC,13838710,172544,5768,Top 100 Songs of 2000 - Billboard Year End Charts
129,aBt8fN7mJNg,Backstreet Boys - Show Me The Meaning Of Being Lonely,286619124,1537892,58143,Top 100 Songs of 2000 - Billboard Year End Charts
130,FRkev5Aooms,Missy Elliott - Hot Boyz [Official Music Video],30307299,222887,8807,Top 100 Songs of 2000 - Billboard Year End Charts
131,l95MMbls0GQ,"BB MAK, BACK HERE",4447811,18110,1964,Top 100 Songs of 2000 - Billboard Year End Charts
132,1AIu7SqX_UI,Sonique - It Feels So Good,11387020,66732,2613,Top 100 Songs of 2000 - Billboard Year End Charts
133,ZIANBamMgas,Nine Days - Absolutely (Story of a Girl),21160631,161867,5836,Top 100 Songs of 2000 - Billboard Year End Charts
134,99j0zLuNhi8,Creed - With Arms Wide Open,177133850,1159036,36051,Top 100 Songs of 2000 - Billboard Year End Charts
135,YT9wVDxnyV0,Enrique Iglesias - Be With You [OFFICIAL VIDEO],2382572,9673,407,Top 100 Songs of 2000 - Billboard Year End Charts
136,0RQDIJ2CvbA,Christina Aguilera - Come On Over (All I Want Is You) (Official Video),53685855,226635,10709,Top 100 Songs of 2000 - Billboard Year End Charts
137,6TLxUAa3lb0,Ruff Endz - No More,13730177,100887,3402,Top 100 Songs of 2000 - Billboard Year End Charts
138,9Ht5RZpzPqw,blink-182 - All The Small Things (Official Music Video),360890423,1727373,62582,Top 100 Songs of 2000 - Billboard Year End Charts
139,o8EamHKpdrM,"Faith Hill - ""The Way You Love Me"" (Official Video)",17269330,95315,3065,Top 100 Songs of 2000 - Billboard Year End Charts
140,z4q05resEvc,Christina Aguilera - I Turn To You (Official Video),76292056,428511,16697,Top 100 Songs of 2000 - Billboard Year End Charts
141,YmmjtzDrdGk,Third Eye Blind - Never Let You Go (HQ) [Official],1015775,4345,253,Top 100 Songs of 2000 - Billboard Year End Charts
142,AA_5sLaTErQ,LeAnn Rimes - I Need You (Official Music Video),17165650,126694,4102,Top 100 Songs of 2000 - Billboard Year End Charts
143,7KVxjQUCyn0,"Mariah Carey, Joe, 98 Degrees - Thank God I Found You (Official HD Video)",32772400,145871,5531,Top 100 Songs of 2000 - Billboard Year End Charts
144,9XwPCVvMcuE,Jagged Edge - Let's Get Married (Official Video),34454859,291551,4616,Top 100 Songs of 2000 - Billboard Year End Charts
145,kxZD0VQvfqU,Whitney Houston - My Love Is Your Love (Official HD Video),97465196,420622,14338,Top 100 Songs of 2000 - Billboard Year End Charts
146,cB9JJIoAdYM,Smash Mouth - Then The Morning Comes (Official Music Video),6841448,40709,2336,Top 100 Songs of 2000 - Billboard Year End Charts
147,68ugkg9RePc,Eiffel 65 - Blue (Da Ba Dee) [Gabry Ponte Ice Pop Mix] (Original Video with subtitles),298673422,2961581,249425,Top 100 Songs of 2000 - Billboard Year End Charts
148,C3lWwBslWqg,Sting - Desert Rose,435436713,2055145,85051,Top 100 Songs of 2000 - Billboard Year End Charts
149,eJO5HU_7_1w,Eminem - The Real Slim Shady (Official Video - Clean Version),902732770,7482015,187236,Top 100 Songs of 2000 - Billboard Year End Charts
150,UWJ_P-TdEJ0,P!NK - Most Girls (Video Version),35528144,133264,6965,Top 100 Songs of 2000 - Billboard Year End Charts
151,aGFZq4od-VQ,Next - Wifey (Video Version),17697919,143410,2710,Top 100 Songs of 2000 - Billboard Year End Charts
152,MUfgAbFY4CA,Everclear - Wonderful (Official Music Video),12204315,74791,4339,Top 100 Songs of 2000 - Billboard Year End Charts
153,CduA0TULnow,Britney Spears - Oops!...I Did It Again (Official HD Video),435093066,2764062,106948,Top 100 Songs of 2000 - Billboard Year End Charts
154,4bJ0F8KhhZ8,Jessica Simpson - I Wanna Love You Forever (Video),29489946,143462,9807,Top 100 Songs of 2000 - Billboard Year End Charts
155,PYb2IdrN-ns,98º - Give Me Just One Night (Una Noche) (Official Music Video),4260070,23952,1831,Top 100 Songs of 2000 - Billboard Year End Charts
156,h8MAHQhKe7Q,Filter - Take A Picture (Official Music Video),25767624,185307,12631,Top 100 Songs of 2000 - Billboard Year End Charts
157,rn_YodiJO6k,Red Hot Chili Peppers - Otherside [Official Music Video],746354081,3435746,62255,Top 100 Songs of 2000 - Billboard Year End Charts
158,Cgoqrgc_0cM,JAY-Z - Big Pimpin' ft. UGK,61659891,428505,20484,Top 100 Songs of 2000 - Billboard Year End Charts
159,YUGUySygZuU,Son By Four - Purest Of Pain (A Puro Dolor) (Video (Bilingual)),12427872,56783,2396,Top 100 Songs of 2000 - Billboard Year End Charts
160,vgqNtGVYQgc,Jagged Edge - He Can't Love U (Official Video),29853747,206447,4021,Top 100 Songs of 2000 - Billboard Year End Charts
161,JmRrSQNgRJ8,Avant ft. Kelly Rowland - Separated (Official Video),10123967,81612,1765,Top 100 Songs of 2000 - Billboard Year End Charts
162,R9jsmXKUEkI,Carl Thomas - I Wish,1266307,17462,701,Top 100 Songs of 2000 - Billboard Year End Charts
163,W2mEjkBmDQo,Donell Jones - U Know What's Up (Video Version),56498794,360486,11350,Top 100 Songs of 2000 - Billboard Year End Charts
164,8buuOmnd4yo,Faded - Soul Decision,1727564,8123,246,Top 100 Songs of 2000 - Billboard Year End Charts
165,0DQup4hd1_o,Kid Rock - Only God Knows Why [Official Music Video],287308914,1292320,44937,Top 100 Songs of 2000 - Billboard Year End Charts
166,Vb2mnDp68S0,Mystikal - Shake It Fast (Official Video),26308779,230458,5666,Top 100 Songs of 2000 - Billboard Year End Charts
167,OqN0jsSeqPo,Erykah Badu - Bag Lady,34690394,261877,5890,Top 100 Songs of 2000 - Billboard Year End Charts
168,sDIFD6for4A,Train - Meet Virginia,3208287,9231,588,Top 100 Songs of 2000 - Billboard Year End Charts
169,thIVtEOtlWM,"DMX - Party Up (Up In Here) (Enhanced Video, Edited)",169947649,1459609,38523,Top 100 Songs of 2000 - Billboard Year End Charts
170,0sq14JocSAs,Mya - Case Of The Ex (Whatcha Gonna Do) (Official Music Video),37486650,259851,8483,Top 100 Songs of 2000 - Billboard Year End Charts
171,E5a93wABHNM,"Dr. Dre - Forgot About Dre ft. Eminem, Hittman",58794624,339366,19237,Top 100 Songs of 2000 - Billboard Year End Charts
172,EFMjdY4A83g,Jo Dee Messina - That's The Way (Official Music Video),740136,5377,136,Top 100 Songs of 2000 - Billboard Year End Charts
173,0UaMsIJ4bR0,Westlife - Swear It Again (Official Video),77927057,211183,9834,Top 100 Songs of 2000 - Billboard Year End Charts
174,QZXc39hT8t4,"Dr. Dre - The Next Episode (Official Music Video) ft. Snoop Dogg, Kurupt, Nate Dogg",704585269,6127750,140657,Top 100 Songs of 2000 - Billboard Year End Charts
175,fHPnGqXXUmI,Britney Spears - From The Bottom Of My Broken Heart (Official HD Video),48739042,216579,14247,Top 100 Songs of 2000 - Billboard Year End Charts
176,W60IPexop30,Savage Garden - Crash and Burn (Official Video),19569819,108420,4789,Top 100 Songs of 2000 - Billboard Year End Charts
177,Sc9LcsNDly0,Chad Brock - Yes! (Video),921279,7258,279,Top 100 Songs of 2000 - Billboard Year End Charts
178,BtEZDaVe7G0,George strait-The Best day,1985470,6943,241,Top 100 Songs of 2000 - Billboard Year End Charts
179,PhfCgSA6DeQ,Donell Jones - Where I Wanna Be (Official Video),80194127,560444,14341,Top 100 Songs of 2000 - Billboard Year End Charts
180,3umaLe37-LE,Toby Keith - How Do You Like Me Now?!,69668050,288641,9643,Top 100 Songs of 2000 - Billboard Year End Charts
181,rRJ0lpu6XaU,Tim McGraw My Best Friend Lyrics,31831546,192248,4397,Top 100 Songs of 2000 - Billboard Year End Charts
182,kbwzPzJ6wCU,Goo Goo Dolls - Broadway [Official Music Video],5180224,21334,1163,Top 100 Songs of 2000 - Billboard Year End Charts
183,pKrVAznccZ0,"Da Brat, Tyrese - What'chu Like",20426016,201778,4594,Top 100 Songs of 2000 - Billboard Year End Charts
184,sYRiwOKJvtg,Kandi - Don't Think I'm Not (Official Video),13462080,116043,4454,Top 100 Songs of 2000 - Billboard Year End Charts
185,RV-Z1YwaOiw,Lee Ann Womack - I Hope You Dance (Official Music Video),87109359,554059,25220,Top 100 Songs of 2000 - Billboard Year End Charts
186,XJ9we6xDvWQ,Alice Deejay - Better Off Alone,8728125,68768,2190,Top 100 Songs of 2000 - Billboard Year End Charts
187,8-4ifzbMqXM,"Debelah Morgan ""Dance With Me""",5076410,28780,1071,Top 100 Songs of 2000 - Billboard Year End Charts
188,ugBlWTW8aPE,What About Now Lonestar with lyrics,1992566,9280,0,Top 100 Songs of 2000 - Billboard Year End Charts
189,YeWp7MNvGxQ,Sammie - I Like It,3850427,56977,2408,Top 100 Songs of 2000 - Billboard Year End Charts
190,s_rYiknI5q8,Kevon Edmonds - 24/7,4350442,44563,1623,Top 100 Songs of 2000 - Billboard Year End Charts
191,zkTeOY2ET_E,LFO Girl on TV,344439,1275,147,Top 100 Songs of 2000 - Billboard Year End Charts
192,RzRgScHpMGg,Lil Bow Wow ft. Xscape - Bounce With Me (Official Video),8542244,82380,4393,Top 100 Songs of 2000 - Billboard Year End Charts
193,MXMeMstVAhE,The Chicks - Cowboy Take Me Away (Live at VH1 Storytellers),7943550,35025,1763,Top 100 Songs of 2000 - Billboard Year End Charts
194,0lPQZni7I18,"Destiny's Child - Independent Women, Pt. 1 (Official HD Video)",78446417,442812,11405,Top 100 Songs of 2000 - Billboard Year End Charts
195,gQMV1iQ-Xsc,Samantha Mumba - Gotta Tell You [HD],2251468,10814,1033,Top 100 Songs of 2000 - Billboard Year End Charts
196,_66jPJVS4JE,Jennifer Lopez - Waiting For Tonight,97842138,417643,19041,Top 100 Songs of 2000 - Billboard Year End Charts
197,V7eZD3TKn_M,Mary Mary - Shackles (Praise You) (Video),31315952,238692,5389,Top 100 Songs of 2000 - Billboard Year End Charts
198,MrTz5xjmso4,Sean Kingston - Beautiful Girls (Official HD Video),1209357188,9388957,258418,random hits 90's and 2000`s playlist
199,fQ9nQNx0KEs,Santana - Into The Night (Video) ft. Chad Kroeger,85731133,354370,10454,random hits 90's and 2000`s playlist
200,iAP9AF6DCu4,The Calling - Wherever You Will Go (First Video- in Tijuana),562727925,2928861,60998,random hits 90's and 2000`s playlist
201,YVkUvmDQ3HY,Eminem - Without Me (Official Music Video),1830326593,13242817,369220,random hits 90's and 2000`s playlist
202,rn_YodiJO6k,Red Hot Chili Peppers - Otherside [Official Music Video],746354081,3435746,62255,random hits 90's and 2000`s playlist
203,6W5pq4bIzIw,Shaggy - Boombastic (Official Music Video),196451963,1726328,38222,random hits 90's and 2000`s playlist
204,znlFu_lemsU,Mary J. Blige - Family Affair (Official Music Video),532250717,2662529,38122,random hits 90's and 2000`s playlist
205,is6gtilerPk,*NSYNC - I Want You Back (Official Video),75601979,282560,18198,random hits 90's and 2000`s playlist
206,LlZydtG3xqI,TLC - Creep (Official HD Video),119735676,703387,23901,random hits 90's and 2000`s playlist
207,roPQ_M3yJTA,Nelly Furtado - I'm Like A Bird (Official Music Video),143997343,797966,29361,random hits 90's and 2000`s playlist
208,xI5NQ-0Ubfs,Outkast - The Way You Move (Official HD Video) ft. Sleepy Brown,77666629,535753,9669,random hits 90's and 2000`s playlist
209,QZXc39hT8t4,"Dr. Dre - The Next Episode (Official Music Video) ft. Snoop Dogg, Kurupt, Nate Dogg",704585269,6127751,140657,random hits 90's and 2000`s playlist
210,PLolag3YSYU,Nelly Furtado - Maneater (US Version) (Official Music Video),121482604,654334,18990,random hits 90's and 2000`s playlist
211,Vjw92oUduEM,Destiny's Child - Jumpin’ Jumpin’ (Official Music Video),52835958,240273,6514,random hits 90's and 2000`s playlist
212,6Whgn_iE5uc,Santana - Smooth (Stereo) ft. Rob Thomas,355701210,1732215,36442,random hits 90's and 2000`s playlist
213,oKOtzIo-uYw,Fugees - Killing Me Softly With His Song (Official Video),483149575,3157631,48913,random hits 90's and 2000`s playlist
214,gWju37TZfo0,Outkast - Roses (Official HD Video),130972343,780635,19097,random hits 90's and 2000`s playlist
215,Wmc8bQoL-J0,Destiny's Child - Survivor (Official Video),188778441,1260234,30980,random hits 90's and 2000`s playlist
216,C-u5WLJ9Yk4,Britney Spears - ...Baby One More Time (Official Video),894170254,5109892,186245,random hits 90's and 2000`s playlist
217,6M6samPEMpM,Backstreet Boys - Everybody (Backstreet's Back) (Official HD Video),496766228,3085913,84113,random hits 90's and 2000`s playlist
218,uB1D9wWxd2w,Mark Morrison - Return of the Mack (Official Music Video),224634265,1543105,59292,random hits 90's and 2000`s playlist
219,6hzrDeceEKc,Oasis - Wonderwall  (Official Video),518299775,3085540,470,random hits 90's and 2000`s playlist
220,Wt88GMJmVk0,Eve - Let Me Blow Ya Mind (Official Music Video) ft. Gwen Stefani,267857051,1880693,30287,random hits 90's and 2000`s playlist
221,0tcDXJfAFVw,Ja Rule - Always On Time (Official Music Video) ft. Ashanti,260393184,1058270,24066,random hits 90's and 2000`s playlist
222,5wBTdfAkqGU,2pac feat Dr.Dre - California Love HD,359117994,1821451,64800,random hits 90's and 2000`s playlist
223,5qm8PH4xAss,50 Cent - In Da Club (Official Music Video),1954097076,11966750,315696,random hits 90's and 2000`s playlist
224,6JnGBs88sL0,Nelly Furtado - Say It Right (Official Music Video),955774658,4706683,129942,random hits 90's and 2000`s playlist
225,_CL6n0FJZpk,Dr. Dre - Still D.R.E. ft. Snoop Dogg,1385518549,10634907,308011,random hits 90's and 2000`s playlist
226,WL2txMU50CI,Juvenile - Back That Ass Up,84152515,489006,19496,random hits 90's and 2000`s playlist
227,lbnoG2dsUk0,Ginuwine - Pony,186276529,1421157,32292,random hits 90's and 2000`s playlist
228,8WEtxJ4-sh4,TLC - Waterfalls (Official HD Video),151327646,895444,34951,random hits 90's and 2000`s playlist
229,Eo-KmOd3i7s,*NSYNC - Bye Bye Bye (Official Video),345706174,1557894,73475,random hits 90's and 2000`s playlist
230,TR3Vdo5etCQ,No Doubt - Don't Speak (Official 4K Music Video),1055895762,3829065,81687,random hits 90's and 2000`s playlist
231,FrLequ6dUdM,TLC - No Scrubs (Official HD Video),400587317,2314464,70197,random hits 90's and 2000`s playlist
232,3KL9mRus19o,"Blackstreet - No Diggity (Official Music Video) ft. Dr. Dre, Queen Pen",360262431,2094809,35953,random hits 90's and 2000`s playlist
233,GeZZr_p6vB8,Nelly - Hot In Herre (Official Music Video),191370195,1122105,29740,random hits 90's and 2000`s playlist
234,nPLV7lGbmT4,Santana - Maria Maria (Official Video) ft. The Product G&B,546127301,2662958,54848,random hits 90's and 2000`s playlist
235,QOowQeKyNkQ,Chris Brown - Don't Wake Me Up (Official Music Video),248298083,1316329,62579,random hits 90's and 2000`s playlist
236,hHUbLv4ThOo,Pitbull - Timber (Official Video) ft. Ke$ha,1462102952,5930859,160191,random hits 90's and 2000`s playlist
237,SmM0653YvXU,Pitbull - Rain Over Me ft. Marc Anthony,1281416917,4662218,181400,random hits 90's and 2000`s playlist
238,0DdCoNbbRvQ,Robin Thicke - Lost Without U (Official Music Video),81796792,513600,18155,random hits 90's and 2000`s playlist
239,qBsEF7Qx09o,The Pussycat Dolls - I Don't Need A Man (Official Music Video),102965325,285570,13877,random hits 90's and 2000`s playlist
240,T4E1s0g3ZMw,Jordin Sparks - Tattoo,43823381,124269,4371,random hits 90's and 2000`s playlist
241,WBKnpyoFEBo,"Jordin Sparks, Chris Brown - No Air (Official Video) ft. Chris Brown",412836607,1973418,64902,random hits 90's and 2000`s playlist
242,nmjdaBaZe8Y,Chris Brown - With You (Official HD Video),658184329,2889962,100965,random hits 90's and 2000`s playlist
243,k6M5C-oKw9k,Ne-Yo - Miss Independent,512690307,2292529,51661,random hits 90's and 2000`s playlist
244,tkXNEmtf9tk,Black Velvet by Alannah Myles,28400296,0,3262,random hits 90's and 2000`s playlist
245,FaY5-LGYJKc,Melissa Etheridge - Come To My Window (Music Video),4533099,37431,1684,random hits 90's and 2000`s playlist
246,oCphbDRkZSo,Melissa Etheridge - I'm The Only One (Music Video),12892557,104946,2675,random hits 90's and 2000`s playlist
247,GuJQSAiODqI,Madonna - Vogue (Official Video),161163221,849508,49672,random hits 90's and 2000`s playlist
248,xGytDsqkQY8,Semisonic - Closing Time (Official Music Video),123384439,702969,27106,random hits 90's and 2000`s playlist
249,MW6E_TNgCsY,Everclear - Santa Monica (Official Music Video),35360084,209466,5948,random hits 90's and 2000`s playlist
250,D1vQJFF2TKQ,Everclear - Everything To Everyone,4607335,29430,1516,random hits 90's and 2000`s playlist
251,gJLIiF15wjQ,Spice Girls - Wannabe (Official Music Video),634633874,4410986,132355,random hits 90's and 2000`s playlist
252,g2gy1Evb1Kg,TLC - Unpretty (Official HD Video),57647192,355449,16753,random hits 90's and 2000`s playlist
253,FA5jsa1lR9c,Spice Girls - 2 Become 1 (Official Music Video),71088741,316283,22038,random hits 90's and 2000`s playlist
254,9ro0FW9Qt-4,Spice Girls - Say You'll Be There (Official Music Video),89674180,348506,18746,random hits 90's and 2000`s playlist
255,xk8mm1Qmt-Y,CeCe Peniston - Finally (Official Music Video),45297421,308407,11226,random hits 90's and 2000`s playlist
256,dJ8VjyPw0qY,Joe - I Wanna Know (Official Video),214024500,1225184,26230,random hits 90's and 2000`s playlist
257,LfRNRymrv9k,Mariah Carey - Always Be My Baby (Official Music Video),344039018,1427735,45993,random hits 90's and 2000`s playlist
258,kwEZRPkAAu8,Next - Too Close (Official Music Video),116225006,677335,19243,random hits 90's and 2000`s playlist
259,MUfgAbFY4CA,Everclear - Wonderful (Official Music Video),12204315,74791,4339,random hits 90's and 2000`s playlist
260,kkcbxjWG9Mc,Everclear - Father Of Mine (Official Music Video),13237820,91795,6589,random hits 90's and 2000`s playlist
261,W05cPXpUHGI,Everclear - I Will Buy You A New Life (Official Music Video),10808735,77755,3127,random hits 90's and 2000`s playlist
262,6NXnxTNIWkc,4 Non Blondes - What's Up (Official Music Video),1695311803,7260399,197433,random hits 90's and 2000`s playlist
263,ah5gAkna3jI,Gin Blossoms - Hey Jealousy (Official Music Video),34970595,162564,7753,random hits 90's and 2000`s playlist
264,UQa1y4AoHZs,Chris Daughtry - Over You,1576076,4023,300,random hits 90's and 2000`s playlist
265,vSdbQLXpmPQ,Hey Leonardo (She likes me for me),3558379,0,1122,random hits 90's and 2000`s playlist
266,0Gjx-ZQuQ_Y,Uncle Kracker - Follow Me [Official Video],183590025,944440,18039,random hits 90's and 2000`s playlist
267,xmLv8rfunPo,Sugar Ray - When It's Over (Official Music Video),11705427,77304,4752,random hits 90's and 2000`s playlist
268,pRFEz2MjZgg,Toni Braxton - Breathe Again (Video Version),75310339,379730,12326,random hits 90's and 2000`s playlist
269,p2Rch6WvPJE,Toni Braxton - Un-Break My Heart (Official HD Video),761999525,3423969,81189,random hits 90's and 2000`s playlist
270,dP2t9LBeAwo,TLC - Red Light Special (Official HD Video),54916123,415878,12260,random hits 90's and 2000`s playlist
271,JB5FxcI7Pyw,Toni Braxton - You Mean The World To Me,26331435,157088,5074,random hits 90's and 2000`s playlist
272,j6XmNoauuOo,Two Princes - Spin Doctors (with lyrics),12693079,68782,3236,random hits 90's and 2000`s playlist
273,IWvEXChflEE,"Mazzy Star - ""Fade Into You""",7858406,44528,2367,random hits 90's and 2000`s playlist
274,TnEdUVBjZfo,Eagle Eye Cherry - Save tonight lyrics,20216245,83601,2717,random hits 90's and 2000`s playlist
275,H947PtHmh0Y,Deborah Cox - Nobody's Supposed To Be Here (Official Video),91555272,592694,12885,random hits 90's and 2000`s playlist
276,NvR60Wg9R7Q,Bon Jovi - Bed Of Roses (Official Music Video),352116746,1265115,43373,random hits 90's and 2000`s playlist
277,W7EyUY3-Wrg,The Tony Rich Project - Nobody Knows (Video Version),12397398,131571,4892,random hits 90's and 2000`s playlist
278,GbrSO81KhBY,Babyface - Every Time I Close My Eyes,76231645,393814,10875,random hits 90's and 2000`s playlist
279,zUtnwcv-quE,Fly - Sugar Ray,36834987,193199,10196,random hits 90's and 2000`s playlist
280,zrK-IxLv-LU,Jewel - You Were Meant For Me HQ,6146010,49111,1338,random hits 90's and 2000`s playlist
281,7_0Y-V3MyqY,Semi-Charmed Life - Third Eye Blind,367498,1719,119,random hits 90's and 2000`s playlist
282,nmsTwQb1csc,Fatboy Slim - The Rockafeller Skank,4842042,36751,2522,random hits 90's and 2000`s playlist
283,uvRBUw_Ls2o,Beastie Boys - Body Movin',14015645,87632,3598,random hits 90's and 2000`s playlist
284,UNoouLa7uxA,Jewel - Foolish Games (Official HD Music Video),44078224,278469,12339,random hits 90's and 2000`s playlist
285,NmHMcKN8xlI,Can't Nobody Hold Me Down Puff Daddy And Mase,5274772,14699,1273,random hits 90's and 2000`s playlist
286,hdydipoUjkw,Donna Lewis - I Love You Always Forever (Official Music Videos),4481326,31483,2368,random hits 90's and 2000`s playlist
287,tyANFcnrM8I,No Mercy - Where Do You Go,75363097,410795,12733,random hits 90's and 2000`s playlist
288,NGrLb6W5YOM,Céline Dion - All By Myself (Official Remastered HD Video),64624706,534866,17225,random hits 90's and 2000`s playlist
289,6J538b-OLRU,Whitney Houston - It's Not Right But It's Okay (Official HD Video),113452626,569512,20980,random hits 90's and 2000`s playlist
290,dZPQdZLyHYE,Original Music Video  Da Dip,5510796,39754,2700,random hits 90's and 2000`s playlist
291,w3KOowB4k_k,Mariah Carey - Honey (Official 4K Video),51611927,204356,11761,random hits 90's and 2000`s playlist
292,4JkIs37a2JE,Jamiroquai - Virtual Insanity (Official Video),258450578,1760723,56045,random hits 90's and 2000`s playlist
293,_QUq72fla3o,Sarah McLachlan - Building A Mystery (Video),13066441,78331,5353,random hits 90's and 2000`s playlist
294,SQsd7y5YbZw,LL Cool J - Phenomenon,3961903,20385,841,random hits 90's and 2000`s playlist
295,stcdNj0SANw,Mariah Carey - Butterfly,39803584,158854,10085,random hits 90's and 2000`s playlist
296,LiXg_70rMeM,Fatboy Slim - Praise You,2276282,7301,891,random hits 90's and 2000`s playlist
297,K7l5ZeVVoCA,blink-182 - What's My Age Again? (Official Music Video),105242132,571139,29838,random hits 90's and 2000`s playlist
298,xEmdW3_bi4c,"Whitney Houston - Heartbreak Hotel (Official HD Video) ft. Faith Evans, Kelly Price",49075198,334609,10679,random hits 90's and 2000`s playlist
299,Pv0PAchVGCw,Enrique Iglesias - Bailamos,52758011,172017,6066,random hits 90's and 2000`s playlist
300,it1aZBPuH4w,No Doubt - Excuse Me Mr. (Official Music Video),7414731,32183,1373,random hits 90's and 2000`s playlist
301,PHzOOQfhPFg,No Doubt - Just A Girl,91727910,511087,17730,random hits 90's and 2000`s playlist
302,p47fEXGabaY,Ricky Martin - Livin' La Vida Loca,497477238,2288145,69063,random hits 90's and 2000`s playlist
303,PiBX-ESFDF0,No Doubt - Sunday Morning,51257904,217363,9303,random hits 90's and 2000`s playlist
304,NnXeZclbO68,Dave Matthews Band - Stay (Wasting Time) (Official HD Video),3899219,11563,389,random hits 90's and 2000`s playlist
305,h2JWJYLNUq4,Sarah McLachlan - Sweet Surrender,10519296,65083,2961,random hits 90's and 2000`s playlist
306,qORYO0atB6g,Beastie Boys - Intergalactic,91505553,701510,29544,random hits 90's and 2000`s playlist
307,hG9C0VwruXE,Shawn Mullins - Lullaby,10688427,82270,4556,random hits 90's and 2000`s playlist
308,0uOzZRgJsX8,Divine - LATELY  - Original Version,10447531,96025,4495,random hits 90's and 2000`s playlist
309,DKxXHEx-XnU,Citizen King - Better Days (And The Bottom Drops Out) (Official Music Video),2940988,24802,1768,random hits 90's and 2000`s playlist
310,vefhY2RfM_0,Jermaine Dupri - Sweetheart (Official HD Video) ft. Mariah Carey,9741900,67248,3942,random hits 90's and 2000`s playlist
311,vNoKguSdy4Y,Taylor Swift - I Knew You Were Trouble,517296206,3730634,270478,random hits 90's and 2000`s playlist
312,hT_nvWreIhg,OneRepublic - Counting Stars,3941143064,17549545,491090,random hits 90's and 2000`s playlist
313,SR6iYWJxHqs,Bruno Mars - Grenade (Official Music Video),1172900839,5716063,302178,random hits 90's and 2000`s playlist
314,W-w3WfgpcGg,Bruno Mars - It Will Rain (Official Music Video),818910152,3776822,142606,random hits 90's and 2000`s playlist
315,ekzHIouo8Q4,Bruno Mars - When I Was Your Man (Official Music Video),1356343238,7323796,199394,random hits 90's and 2000`s playlist
316,qHm9MG9xw1o,OneRepublic - Secrets (Official Music Video),273553681,1841647,54561,random hits 90's and 2000`s playlist
317,eM213aMKTHg,Lady Antebellum - Need You Now,603871687,3173091,77185,random hits 90's and 2000`s playlist
318,EkHTsc9PU2A,Jason Mraz - I'm Yours (Official Video) [4K Remaster],772505503,4394079,131895,random hits 90's and 2000`s playlist
319,MU8B4XDI3Uw,Maroon 5 - Love Somebody,165621307,861888,29168,random hits 90's and 2000`s playlist
320,S2Cti12XBw4,Maroon 5 - Sunday Morning (Closed Captioned),209553650,772611,21699,random hits 90's and 2000`s playlist
321,sAebYQgy4n4,Maroon 5 - Makes Me Wonder (Official Music Video),174595938,564415,20713,random hits 90's and 2000`s playlist
322,nIjVuRTm-dc,Maroon 5 - She Will Be Loved (Official Music Video),747423184,2668563,68629,random hits 90's and 2000`s playlist
323,VlMEGBsw6j8,Maroon 5 - Won't Go Home Without You (Official Music Video),261913531,887027,23285,random hits 90's and 2000`s playlist
324,eDuRoPIOBjE,"Drake, Kanye West, Lil Wayne, Eminem - Forever (Explicit Version) (Official Music Video)",372855856,2169711,187286,random hits 90's and 2000`s playlist
325,k-ImCpNqbJw,Diddy - Dirty Money - Coming Home ft. Skylar Grey,350958468,2456694,117217,random hits 90's and 2000`s playlist
326,PH4JPgVD2SM,Kanye West - Amazing ft. Young Jeezy,71006073,358303,22013,random hits 90's and 2000`s playlist
327,E58qLXBfLrs,Kanye West - Can't Tell Me Nothing,139401367,1043493,40465,random hits 90's and 2000`s playlist
328,vIaH35-MLsk,Akon - Right Now (Na Na Na) (Official Video),877675530,5858445,153175,random hits 90's and 2000`s playlist
329,8PTDv_szmL0,B.o.B - Nothin' On You (feat. Bruno Mars) [Official Video],438950560,2734532,75791,random hits 90's and 2000`s playlist
330,kffacxfA7G4,Justin Bieber - Baby ft. Ludacris,3071067461,24601361,4823288,random hits 90's and 2000`s playlist
331,a81eP2E8MEQ,"Jay Sean - Do You Remember ft. Sean Paul, Lil Jon",228543295,824437,29510,random hits 90's and 2000`s playlist
332,oUbpGmR1-QM,Jay Sean - Down ft. Lil Wayne (Official Music Video) ft. Lil Wayne,357428278,2023766,90332,random hits 90's and 2000`s playlist
333,y_SI2EDM6Lo,Taio Cruz - Break Your Heart (Official Video) ft. Ludacris,263002499,1300627,40791,random hits 90's and 2000`s playlist
334,1RnPB76mjxI,Usher - OMG ft. will.i.am,212840695,1086371,50199,random hits 90's and 2000`s playlist
335,5Sy19X0xxrM,"Usher - Confessions, Pt. II",209738657,808005,22176,random hits 90's and 2000`s playlist
336,TJAfLE39ZZ8,Amy Winehouse - Back To Black,1041679776,5607476,132421,random hits 90's and 2000`s playlist
337,b-I2s5zRbHg,Amy Winehouse - You Know I'm No Good,375017665,2008700,47189,random hits 90's and 2000`s playlist
338,jjnmICxvoVY,Savage Garden - I Knew I Loved You (Official Video),231915896,1093466,41985,random hits 90's and 2000`s playlist
339,t5XNWFw5HVw,Usher - Burn (Official Music Video),331322719,1198856,35308,random hits 90's and 2000`s playlist
340,WQnAxOQxQIU,Savage Garden - Truly Madly Deeply,462820454,2136324,60266,random hits 90's and 2000`s playlist
341,pO40TcKa_5U,Des'ree - You Gotta Be ('99 Mix) [Video],43647546,352189,10574,random hits 90's and 2000`s playlist
342,vMXuuYnoRdI,"Amy Grant - Baby, Baby",15987371,105052,8170,random hits 90's and 2000`s playlist
343,NRdHsuuXxfk,Timbaland - Carry Out (Official Music Video) ft. Justin Timberlake,205593916,679717,25520,random hits 90's and 2000`s playlist
344,uuZE_IRwLNI,Justin Timberlake - Mirrors (Official Video),1189078145,5566620,178763,random hits 90's and 2000`s playlist
345,nPvuNsRccVw,Bruno Mars - Treasure (Official Music Video),709621833,3966377,143383,random hits 90's and 2000`s playlist
346,_ZcmuKsyvzg,*NSYNC - Tearin' Up My Heart (Official Video),114430608,475827,21161,random hits 90's and 2000`s playlist
347,QH_V09v2BTI,Aaliyah - Try Again,2331717,8079,575,random hits 90's and 2000`s playlist
348,ijXcYLV1aNg,Jordan Knight - Give It To You (Official Video),6962241,49101,6966,random hits 90's and 2000`s playlist
349,NkVsJGl5d6E,Mandy Moore - Candy (Video),19554900,118195,12002,random hits 90's and 2000`s playlist
350,U7uxf8kBBlg,Jessica Simpson - I Think I'm in Love with You,16302676,63276,4371,random hits 90's and 2000`s playlist
351,UMtoVWGS0kA,Jann Arden - The Sound Of Album Version,336422,1107,67,random hits 90's and 2000`s playlist
352,oeSgYR-zaxQ,Jann Arden - I Would Die For You Album Version,1163939,4877,315,random hits 90's and 2000`s playlist
353,Lt6r-k9Bk6o,Sophie B. Hawkins - Damn I Wish I Was Your Lover,38888749,275782,17048,random hits 90's and 2000`s playlist
354,VV1XWJN3nJo,Natalie Imbruglia - Torn (Official Video),284674033,1457462,49309,random hits 90's and 2000`s playlist
355,Ckt0TuK0qv0,Melissa Etheridge - I Want To Come Over (Official Music Video),5083340,30644,1382,random hits 90's and 2000`s playlist
356,oXqPjx94YMg,k.d. lang - Constant Craving (Official Music Video) | Warner Vault,11669679,93439,7260,random hits 90's and 2000`s playlist
357,lWTDR6ztcnQ,Madonna - Celebration (Official Video),58884042,173909,11271,random hits 90's and 2000`s playlist
358,3OnnDqH6Wj8,Flo Rida - Good Feeling [Official Video],606468316,2855872,96986,random hits 90's and 2000`s playlist
359,EDwb9jOVRtU,Madonna - Hung Up (Official Video) [HD],454873391,2373502,96499,random hits 90's and 2000`s playlist
360,Ys7-6_t7OEQ,Justin Bieber - Beauty And A Beat (Official Music Video) ft. Nicki Minaj,1083582053,6756228,588256,random hits 90's and 2000`s playlist
361,8UVNT4wvIGY,Gotye - Somebody That I Used To Know (feat. Kimbra) [Official Music Video],2201587171,15577161,810659,random hits 90's and 2000`s playlist
362,SgM3r8xKfGE,Flo Rida - Club Can't Handle Me ft. David Guetta [Official Music Video] - Step Up 3D,470413661,2006396,59898,random hits 90's and 2000`s playlist
363,kn6-c223DUU,B.o.B - Airplanes (feat. Hayley Williams of Paramore) [Official Video],681130474,3654727,158220,random hits 90's and 2000`s playlist
364,0zZ2bifb338,Sean Paul - Like Glue (Official Video),141638980,615330,11793,random hits 90's and 2000`s playlist
365,XbGs_qK2PQA,Eminem - Rap God (Explicit),1388810515,19205267,1200100,random hits 90's and 2000`s playlist
366,SRcnnId15BA,50 Cent - Candy Shop (Official Music Video) ft. Olivia,915911421,5478277,116295,random hits 90's and 2000`s playlist
367,0kJ7FYgJ7Mo,50 Cent ft. Justin Timberlake - Ayo Technology [OFFICIAL VIDEO],6004587,19449,572,random hits 90's and 2000`s playlist
368,GllEDACUbNo,50 Cent - Just A Lil Bit,524113517,2791727,44481,random hits 90's and 2000`s playlist
369,6mEx9FtuN0k,T.I. - Dead & Gone ft. Justin Timberlake [Official Video],136342218,1017755,23573,random hits 90's and 2000`s playlist
370,TBCXWdL7Wb8,Eminem - Lose Yourself (8 mile),41043573,105718,6966,random hits 90's and 2000`s playlist
371,ngH0fkiNo-g,"Eminem - You Don't Know (Official Music Video) ft. 50 Cent, Cashis, Lloyd Banks",447494713,2171335,71375,random hits 90's and 2000`s playlist
372,wt1YkGO2Ieo,No Doubt - Hey Baby,57497726,292248,7461,random hits 90's and 2000`s playlist
373,nXskfsgBihE,"Timbaland - Scream (Official Video) ft. Keri Hilson, Nicole Scherzinger",68552815,172270,7701,random hits 90's and 2000`s playlist
374,Ro7yHf_pU14,Kardinal Offishall - Dangerous ft. Akon (Official Music Video),290108909,1536402,29333,random hits 90's and 2000`s playlist
375,KdS6HFQ_LUc,Rihanna - S&M,170302303,1550011,120075,random hits 90's and 2000`s playlist
376,VwXeN2FsE7w,J-Kwon - Tipsy (Official Video),54206924,430293,13952,random hits 90's and 2000`s playlist
377,bESGLojNYSo,Lady Gaga - Poker Face (Official Music Video),1254280136,6888565,293315,random hits 90's and 2000`s playlist
378,1mB0tP1I-14,Lady Gaga - LoveGame (Official Music Video),228639568,1019824,69239,random hits 90's and 2000`s playlist
379,CcCw1ggftuQ,Flo Rida - Right Round (feat. Ke$ha) [US Version] (Official Video),245125278,2003807,55526,random hits 90's and 2000`s playlist
380,AHDtXqjgEj4,Bruno Mars - Gorilla (Official Music Video),171327352,923544,32542,random hits 90's and 2000`s playlist
381,jUe8uoKdHao,David Guetta - Without You ft. Usher (Official Video),420091404,1969649,71781,random hits 90's and 2000`s playlist
382,KV2ssT8lzj8,Eminem - No Love (Explicit Version) ft. Lil Wayne,656436575,3281387,209292,random hits 90's and 2000`s playlist
383,YVw7eJ0vGfM,David Guetta - Turn Me On ft. Nicki Minaj (Official Video),393579242,1813683,106214,random hits 90's and 2000`s playlist
384,p4kVWCSzfK4,"David Guetta - Where Them Girls At ft. Nicki Minaj, Flo Rida (Official Video)",364392711,1741807,83796,random hits 90's and 2000`s playlist
385,s1XozsBN5Z4,Kelly Rowland - Motivation (Explicit) ft. Lil Wayne,240707101,1429072,49118,random hits 90's and 2000`s playlist
386,YgFyi74DVjc,Tinie Tempah - Written In The Stars ft. Eric Turner,312298856,1902968,93497,random hits 90's and 2000`s playlist
387,8ESdn0MuJWQ,Jason Derulo - Ridin' Solo [Official HD Music Video],148978161,648226,50381,random hits 90's and 2000`s playlist
388,wa4nhWZ2cBc,Ja Rule ft. Charlie Baltimore - Down Ass Bitch,7559428,97531,1611,random hits 90's and 2000`s playlist
389,M48nlk-1kH8,Petey Pablo - Freek-A-Leek (PAL Dirty),115604102,834184,16863,random hits 90's and 2000`s playlist
390,b9FwA3Ch7tc,Fat Joe Feat. Ja Rule & Ashanti - What's Love (Video).,36051018,116576,2955,random hits 90's and 2000`s playlist
391,LjhCEhWiKXk,Bruno Mars - Just The Way You Are (Official Music Video),1905893034,8188235,246091,random hits 90's and 2000`s playlist
392,MKOT6teSarY,Cassidy - Hotel (VIDEO) ft. R.Kelly,74871449,350752,12040,random hits 90's and 2000`s playlist
393,hrUM024xjAo,Beyonce feat. Jay-Z - '03 Bonnie & Clyde HQ,1109805,2441,182,random hits 90's and 2000`s playlist
394,bKDdT_nyP54,Akon - Smack That (Official Music Video) ft. Eminem,1161407970,8251664,200213,random hits 90's and 2000`s playlist
395,8kyWDhB_QeI,Kanye West - All Falls Down ft. Syleena Johnson,75610707,590911,28752,random hits 90's and 2000`s playlist
396,HZwMX6T5Jhk,Kanye West - Love Lockdown,68625833,413008,20888,random hits 90's and 2000`s playlist
397,6U7rdWY06C4,Alors On Danse (Ft. Kanye West & Gilbere Forte) COMPLETE,3538218,5690,652,random hits 90's and 2000`s playlist
398,tAp9BKosZXs,Katy Perry - I Kissed A Girl (Official Music Video),279365081,2714315,145708,random hits 90's and 2000`s playlist
399,k0BWlvnBmIE,Katy Perry - Wide Awake (Official Video),1014790391,4376205,247297,random hits 90's and 2000`s playlist
400,M11SvDtPBhA,Miley Cyrus - Party In The U.S.A. (Official Video),962483932,4404866,442032,random hits 90's and 2000`s playlist
401,e82VE8UtW8A,Rihanna - Rude Boy,659820575,2453232,108179,random hits 90's and 2000`s playlist
402,KDKva-s_khY,Timbaland - If We Ever Meet Again ft. Katy Perry (Official Music Video),160091616,614798,26814,random hits 90's and 2000`s playlist
403,KQ6zr6kCPj8,"LMFAO - Party Rock Anthem ft. Lauren Bennett, GoonRock",2350989502,11592914,656729,random hits 90's and 2000`s playlist
404,D4hAVemuQXY,Eminem - Sing For The Moment (Official Music Video),525051395,3041501,107366,random hits 90's and 2000`s playlist
405,hAuo8IOFNuE,Eminem - 3 a.m. (Official Music Video),63883978,375220,36048,random hits 90's and 2000`s playlist
406,aQRLSBUNupg,Madonna  - Give It 2 Me feat. Pharrell (Official Video),94234615,297611,16729,random hits 90's and 2000`s playlist
407,niqrrmev4mA,Lady Gaga - Alejandro (Official Music Video),544134280,2569833,253691,random hits 90's and 2000`s playlist
408,LDj8kkVwisY,Eminem - My Name Is (Dirty Version) (Official Music Video),50932994,552181,17788,random hits 90's and 2000`s playlist
409,CFWX0hWCbng,Ke$ha - Blow (Official Video),90339847,657349,66956,random hits 90's and 2000`s playlist
410,edP0L6LQzZE,Ke$ha - Take It Off (Official Video),158821535,1418587,64363,random hits 90's and 2000`s playlist
411,TOrnUquxtwA,What Goes Around...Comes Around (Official Video),460985273,2020154,66074,random hits 90's and 2000`s playlist
412,DksSPZTZES0,Justin Timberlake - Cry Me A River (Official Video),502226162,2161697,82706,random hits 90's and 2000`s playlist
413,nJHYDkvRB2Y,Justin Timberlake - Señorita (Official Video),112595328,352070,10290,random hits 90's and 2000`s playlist
414,RQ9_TKayu9s,Eminem - Cleanin' Out My Closet (Official Music Video),397991244,2436544,92728,random hits 90's and 2000`s playlist
415,3gOHvDP_vCs,Justin Timberlake - SexyBack (Official Video) ft. Timbaland,285534372,1865193,43132,random hits 90's and 2000`s playlist
416,QUuKvHHt8Sk,Justin Timberlake - LoveStoned / I Think She Knows Interlude (Official Video),89662825,246095,11170,random hits 90's and 2000`s playlist
417,FyXtoTLLcDk,Justin Timberlake - TKO (Official Video),126112814,673138,28641,random hits 90's and 2000`s playlist
418,Z0WTChSuiek,Nina Sky - Move Ya Body [OFFICIAL VIDEO],5623681,34231,1012,random hits 90's and 2000`s playlist
419,qGKrc3A6HHM,Daddy Yankee - Gasolina [Official Music Video],275733259,1191411,52763,random hits 90's and 2000`s playlist
420,6cfCgLgiFDM,Christina Aguilera - Your Body (Official Video - Clean),217076551,1095129,122768,random hits 90's and 2000`s playlist
421,OLuWHr6-0YQ,Flo Rida - I Cry [Official Video],126329393,632960,31695,random hits 90's and 2000`s playlist
422,dg8QgUIKXHw,Christina Aguilera - Can't Hold Us Down (Official HD Video),154583240,737562,22475,random hits 90's and 2000`s playlist
423,w4aDCCYnAB8,Madonna - Sorry (HD 720p),2797689,8139,297,random hits 90's and 2000`s playlist
424,clwLKJ294u4,Britney Spears - Me Against The Music (Official HD Video),58777076,365884,18121,random hits 90's and 2000`s playlist
425,1r9ghI7YcL0,The Pussycat Dolls - Beep (Official Music Video) ft. will.i.am,166571304,542796,15760,random hits 90's and 2000`s playlist
426,iWyvMerss4w,The Pussycat Dolls - Wait A Minute (Official Music Video) ft. Timbaland,89083976,304672,8307,random hits 90's and 2000`s playlist
427,rJYcmq__nDM,Rihanna - Rehab (Official Music Video) ft. Justin Timberlake,462733366,1664870,43849,random hits 90's and 2000`s playlist
428,BmEiadAqDZc,Nelly Furtado - ... On The Radio (Remember The Days) (Official Music Video),13709382,62797,3218,random hits 90's and 2000`s playlist
429,2Abk1jAONjw,Lady Gaga - Just Dance (Official Music Video) ft. Colby O'Donis,430794044,1925518,86133,random hits 90's and 2000`s playlist
430,eLhpHjmxNw8,"Lenny Kravitz ""Are You Gonna Go My Way""",20049599,60468,3150,random hits 90's and 2000`s playlist
431,uHCZS2qox7c,Divine Brown feat. Nelly Furtado - Sunglasses (New Version),206499,377,46,random hits 90's and 2000`s playlist
432,RvuVFHTvdaY,No Doubt - Underneath It All ft. Lady Saw,55749403,312914,10451,random hits 90's and 2000`s playlist
433,oTs6oQx1WJY,Britney Spears - 3 (Official HD Video),111128689,502069,33606,random hits 90's and 2000`s playlist
434,uSD4vsh1zDA,The Black Eyed Peas - I Gotta Feeling (Official Music Video),714209128,4074538,136106,random hits 90's and 2000`s playlist
435,rMqayQ-U74s,Britney Spears - Womanizer (Director's Cut) (Official HD Video),375889802,1598889,70659,random hits 90's and 2000`s playlist
436,2IH8tNQAzSs,Lil Wayne - Lollipop (Official Music Video) ft. Static,578705011,2929013,101491,random hits 90's and 2000`s playlist
437,9b8erWuBA44,Mariah Carey - Touch My Body (Official Music Video),236964299,1056706,43685,random hits 90's and 2000`s playlist
438,8UFIYGkROII,Soulja Boy Tell'em - Crank That (Soulja Boy) (Official Music Video),567627863,4598227,210207,random hits 90's and 2000`s playlist
439,q0SyUgw98tE,Fergie - Glamorous ft. Ludacris,257316873,1355698,54763,random hits 90's and 2000`s playlist
440,IxszlJppRQI,Ne-Yo - So Sick (Official Music Video),339633103,1652927,48124,random hits 90's and 2000`s playlist
441,6vwNcNOTVzY,Kanye West - Gold Digger ft. Jamie Foxx,346276683,1937644,73433,random hits 90's and 2000`s playlist
442,2ei7Yn2EF2U,I like the way you move~By OutKast,1583696,4247,327,random hits 90's and 2000`s playlist
443,ViwtNLUqkMY,Beyoncé - Crazy In Love ft. JAY Z,755601283,3619483,70286,random hits 90's and 2000`s playlist
444,EmxD7jDuPR0,Sean Paul - Get Busy,5248570,11137,919,random hits 90's and 2000`s playlist
445,tr-H8dR0HLo,"Jennifer Lopez - Ain't It Funny ft. Ja Rule, Cadillac Tah",46568694,219165,8442,random hits 90's and 2000`s playlist
446,tE56SMO3FQQ,Joe feat Mystikal - Stutter,3424460,10017,813,random hits 90's and 2000`s playlist
447,hpspGHeLOPE,Christina Aguilera - What A Girl Wants (Official Video),42544384,195622,10812,random hits 90's and 2000`s playlist
448,l_CqMFKak1c,Maroon 5 - This Love MUSIC VIDEO,5695663,20153,1933,random hits 90's and 2000`s playlist
449,QRcmTtI4gac,Right Round Florida,10164714,15701,1447,random hits 90's and 2000`s playlist
450,dW2MmuA1nI4,Sean Paul - Temperature (Official Video),399672463,2382906,40538,random hits 90's and 2000`s playlist
451,GJzF7H2e3Tw,Akon - I Wanna Love You ft. Snoop Dogg,434553892,3173707,53686,random hits 90's and 2000`s playlist
452,uUGFhVWPOFs,Sean Paul - We Be Burnin' (Recognize It) [Official Video],123980969,461485,12445,random hits 90's and 2000`s playlist
453,0RQDIJ2CvbA,Christina Aguilera - Come On Over (All I Want Is You) (Official Video),53685855,226635,10709,random hits 90's and 2000`s playlist
454,KUmZp8pR1uc,Amy Winehouse - Rehab,334016244,1999545,88397,random hits 90's and 2000`s playlist
455,JWA5hJl4Dv0,Akon - Don't Matter (Official Music Video),589818683,4262626,111714,random hits 90's and 2000`s playlist
456,U5rLz5AZBIA,"Timbaland - The Way I Are (Official Music Video) ft. Keri Hilson, D.O.E., Sebastian",586519151,2598439,61599,random hits 90's and 2000`s playlist
457,ZSM3w1v-A_Y,Timbaland - Apologize ft. OneRepublic,621806885,4123990,96432,random hits 90's and 2000`s playlist
458,PsO6ZnUZI0g,Kanye West - Stronger,460333422,3077547,158670,random hits 90's and 2000`s playlist
459,O0lf_fE3HwA,Gwen Stefani - The Sweet Escape (Closed Captioned) ft. Akon,194482549,1241014,36947,random hits 90's and 2000`s playlist
460,3lO5eGEnyRA,702 - Where My Girls At (Official Music Video),16520077,145553,5311,random hits 90's and 2000`s playlist
461,v0NSeysrDYw,Bob Sinclar - Love Generation (Official Video),165789391,924294,26081,random hits 90's and 2000`s playlist
462,8MnwKvvDcxQ,Jennifer Lopez - Waiting For Tonight (Remix),8072954,29359,1613,random hits 90's and 2000`s playlist
463,8WYHDfJDPDc,Nelly - Dilemma (Official Music Video) ft. Kelly Rowland,1497096579,7945709,182053,random hits 90's and 2000`s playlist
464,1WIsnC-h1d0,Jennifer Lopez - Get Right (Official Video),174510241,768138,18558,random hits 90's and 2000`s playlist
465,TGwZ7MNtBFU,Gwen Stefani - Cool (Official Music Video),179533411,816430,41927,random hits 90's and 2000`s playlist
466,c18441Eh_WE,Kylie Minogue - Can't Get You Out Of My Head (Official Video),418258293,2747744,55797,random hits 90's and 2000`s playlist
467,P4Bda6_usuc,The Black Eyed Peas - Don't Phunk With My Heart,148498128,629903,13237,random hits 90's and 2000`s playlist
468,TSVHoHyErBQ,Justin Timberlake - Rock Your Body (Official Video),188391889,932425,29444,random hits 90's and 2000`s playlist
469,eW2qlKa6oHw,Lenny Kravitz - Again,287746387,1042846,23825,random hits 90's and 2000`s playlist
470,Urdlvw0SSEc,Alicia Keys - Fallin' (Official HD Video),308970094,1974609,30408,random hits 90's and 2000`s playlist
471,rywUS-ohqeE,Alicia Keys - No One (Official Music Video),759634437,3414117,79163,random hits 90's and 2000`s playlist
472,sQgd6MccwZc,Destiny's Child - Say My Name (Official Video),373795163,1840524,45155,random hits 90's and 2000`s playlist
473,WEQ0l_m3Xm0,Macy Gray - I Try (Official Video),74372477,531165,16430,random hits 90's and 2000`s playlist
474,dIOH8Trfas4,Britney Spears - My Prerogative (Official HD Video),47891257,220698,12399,random hits 90's and 2000`s playlist
475,KRzMtlZjXpU,The Black Eyed Peas - Shut Up,336998908,1348689,28277,random hits 90's and 2000`s playlist
476,Mzybwwf2HoQ,Britney Spears - I'm A Slave 4 U (Official HD Video),187808415,813480,37046,random hits 90's and 2000`s playlist
477,IyYnnUcgeMc,Destiny's Child - Bootylicious,118934605,502529,16836,random hits 90's and 2000`s playlist
478,XQ7z57qrZU8,Fatboy Slim - Weapon Of Choice,8214087,81989,4806,random hits 90's and 2000`s playlist
479,LMOKlXfXn50,Blu Cantrell - Hit 'Em Up Style (Oops!) (Video Version),65916100,609580,14426,random hits 90's and 2000`s playlist
480,kOL7aeIDruA,Nelly Furtado - Turn Off The Light (Official Music Video),84678801,416410,12848,random hits 90's and 2000`s playlist
481,weRHyjj34ZE,"Shakira - Whenever, Wherever (Official HD Video)",751866719,3399124,119293,random hits 90's and 2000`s playlist
482,9UCY_U4QwqI,Jagged Edge - Where the Party At ft. Nelly,44140031,268154,6115,random hits 90's and 2000`s playlist
483,IbRwSI8yi1o,*NSYNC - Gone (Official HD Video),42847388,246530,12783,random hits 90's and 2000`s playlist
484,Sjx9oSJDAVQ,Jennifer Lopez - I'm Real (Remix) ft. Ja Rule,225099107,854898,24822,random hits 90's and 2000`s playlist
